-- phpMyAdmin SQL Dump
-- version 5.2.1
-- https://www.phpmyadmin.net/
--
-- Hôte : db
-- Généré le : mer. 05 fév. 2025 à 19:18
-- Version du serveur : 9.1.0
-- Version de PHP : 8.2.27

SET SQL_MODE = "NO_AUTO_VALUE_ON_ZERO";
START TRANSACTION;
SET time_zone = "+00:00";


/*!40101 SET @OLD_CHARACTER_SET_CLIENT=@@CHARACTER_SET_CLIENT */;
/*!40101 SET @OLD_CHARACTER_SET_RESULTS=@@CHARACTER_SET_RESULTS */;
/*!40101 SET @OLD_COLLATION_CONNECTION=@@COLLATION_CONNECTION */;
/*!40101 SET NAMES utf8mb4 */;

--
-- Base de données : `epidrive`
--

-- --------------------------------------------------------

--
-- Structure de la table `Categorie`
--

CREATE TABLE `Categorie` (
  `id` int NOT NULL,
  `name` varchar(191) COLLATE utf8mb4_unicode_ci NOT NULL,
  `slug` varchar(191) COLLATE utf8mb4_unicode_ci NOT NULL,
  `description` text COLLATE utf8mb4_unicode_ci,
  `imageId` int DEFAULT NULL,
  `parentId` int DEFAULT NULL
) ENGINE=InnoDB DEFAULT CHARSET=utf8mb4 COLLATE=utf8mb4_unicode_ci;

--
-- Déchargement des données de la table `Categorie`
--

INSERT INTO `Categorie` (`id`, `name`, `slug`, `description`, `imageId`, `parentId`) VALUES
(1, 'Produits régionaux et locaux', 'produits-regionaux-et-locaux', 'Découvrez les produits authentiques de nos régions, avec une traçabilité complète pour vous garantir le meilleur de chez nous. Chaque produit est sélectionné avec soin pour refléter la richesse de nos terroirs.', 1, NULL),
(2, 'Fruits de nos régions', 'fruits-de-nos-regions', NULL, 2, 1),
(3, 'Fromages de nos régions', 'fromages-de-nos-regions', NULL, 8, 1),
(4, 'Charcuteries régionales', 'charcuteries-regionales', NULL, 14, 1),
(5, 'Vins régionaux', 'vins-regionaux', NULL, 20, 1),
(6, 'Épicerie fine régionale', 'epicerie-fine-regionale', NULL, 26, 1),
(7, 'Marché frais', 'marche-frais', 'Découvrez une sélection de produits frais de saison, directement issus de nos producteurs locaux. Chaque produit est sélectionné pour sa qualité et sa fraîcheur, afin de garantir des saveurs authentiques à chaque repas.', 32, NULL),
(8, 'Fruits et Légumes', 'fruits-et-legumes', 'Les meilleurs produits de saison directement de nos producteurs pour des repas sains et équilibrés.', 33, 7),
(9, 'Viandes et Poissons', 'viandes-et-poissons', 'Une sélection rigoureuse de viandes locales et poissons frais, préparés avec soin pour vos repas gourmands.', 40, 7),
(10, 'Crèmerie et Produits laitiers', 'cremerie-et-produits-laitiers', 'Une sélection de produits laitiers frais et crémeux, directement issus des fermes locales.', 46, 7),
(11, 'Charcuterie et Traiteur', 'charcuterie-et-traiteur', 'Un assortiment de charcuterie fine et de plats traiteur préparés avec passion pour satisfaire vos papilles.', 52, 7),
(12, 'Bio et Ecologie', 'bio-et-ecologie', 'Un large choix de produits respectueux de l’environnement, pour une consommation plus responsable et durable. Nos produits bio sont issus de l’agriculture biologique certifiée, garantissant une qualité optimale pour vous et votre famille.', 58, NULL),
(13, 'Fruits et Légumes Bio', 'fruits-et-legumes-bio', 'Découvrez une sélection de fruits et légumes biologiques, cultivés sans pesticides ni produits chimiques pour des repas sains et naturels.', 59, 12),
(14, 'Viandes Bio', 'viandes-bio', 'Une sélection de viandes issues d’élevages biologiques, pour des repas gourmands et responsables.', 65, 12),
(15, 'Produits laitiers Bio', 'produits-laitiers-bio', 'Des produits laitiers bio de grande qualité, pour une alimentation saine et naturelle.', 70, 12),
(16, 'Boissons Bio', 'boissons-bio', 'Une sélection de boissons biologiques pour vous hydrater de manière naturelle et responsable.', 76, 12),
(17, 'Épicerie Salée', 'epicerie-salee', 'Découvrez une sélection d\'épicerie salée pour vos plats gourmands. Des produits de qualité pour préparer vos recettes salées favorites, que ce soit des pâtes, sauces, huiles ou épices.', 82, NULL),
(18, 'Pâtes, Riz et Féculents', 'pates-riz-et-feculents', 'Une sélection de pâtes, riz et féculents pour accompagner tous vos plats, qu\'ils soient italiens, asiatiques ou traditionnels. Parfaits pour une cuisine variée et savoureuse.', 83, 17),
(19, 'Sauces et Condiments', 'sauces-et-condiments', 'Une gamme de sauces et condiments pour relever vos plats avec des saveurs uniques. Choisissez parmi une sélection d’huiles, vinaigres et sauces.', 89, 17),
(20, 'Epices et Herbes', 'epices-et-herbes', 'Des épices et herbes séchées pour donner du goût et de la couleur à vos plats. Découvrez notre sélection d\'épices d\'origine biologique.', 94, 17),
(21, 'Produits en conserve', 'produits-en-conserve', 'Des produits en conserve pour vous offrir une solution rapide et pratique tout en gardant une excellente qualité.', 99, 17),
(22, 'Pains et Pâtisseries', 'pains-et-patisseries', 'Découvrez nos pains et pâtisseries artisanales, préparés quotidiennement pour vous offrir une fraîcheur et une qualité incomparables.', 104, NULL),
(23, 'Pains', 'pains', NULL, 105, 22),
(24, 'Viennoiseries', 'viennoiseries', NULL, 111, 22),
(25, 'Pâtisseries', 'patisseries', NULL, 117, 22),
(26, 'Maison et Hygiène', 'maison-et-hygiene', 'Retrouvez une large gamme de produits pour l’entretien de votre maison et votre hygiène personnelle, avec une sélection respectueuse de l’environnement.', 123, NULL),
(27, 'Entretien de la Maison', 'entretien-de-la-maison', NULL, 124, 26),
(28, 'Hygiène Personnelle', 'hygiene-personnelle', NULL, 130, 26),
(29, 'Produits Écologiques', 'produits-ecologiques', NULL, 136, 26),
(30, 'Accessoires et Matériel', 'accessoires-et-materiel', NULL, 142, 26),
(31, 'Mode, Bijoux, Bagagerie', 'mode-bijoux-bagagerie', 'Découvrez notre collection de mode, bijoux et bagagerie, alliant élégance, qualité et diversité pour répondre à tous les goûts et occasions.', 148, NULL),
(32, 'Vêtements Femme', 'vetements-femme', NULL, 149, 31),
(33, 'Bijoux Fantaisie', 'bijoux-fantaisie', NULL, 153, 31),
(34, 'Sacs à Main', 'sacs-a-main', NULL, 157, 31),
(35, 'Montres', 'montres', NULL, 161, 31),
(36, 'Valises et Bagages', 'valises-et-bagages', NULL, 165, 31);

-- --------------------------------------------------------

--
-- Structure de la table `Commande`
--

CREATE TABLE `Commande` (
  `id` int NOT NULL,
  `status` enum('EN_ATTENTE','EN_PREPARATION','EXPEDIEE','LIVREE','ANNULEE') COLLATE utf8mb4_unicode_ci NOT NULL DEFAULT 'EN_ATTENTE',
  `paymentId` varchar(191) COLLATE utf8mb4_unicode_ci DEFAULT NULL,
  `createdAt` datetime(3) NOT NULL DEFAULT CURRENT_TIMESTAMP(3),
  `fk_userId` int NOT NULL,
  `notes` text COLLATE utf8mb4_unicode_ci,
  `updatedAt` datetime(3) NOT NULL
) ENGINE=InnoDB DEFAULT CHARSET=utf8mb4 COLLATE=utf8mb4_unicode_ci;

--
-- Déchargement des données de la table `Commande`
--

INSERT INTO `Commande` (`id`, `status`, `paymentId`, `createdAt`, `fk_userId`, `notes`, `updatedAt`) VALUES
(1, 'ANNULEE', NULL, '2024-12-29 00:49:33.156', 10, NULL, '2025-01-28 14:28:52.565'),
(2, 'EXPEDIEE', NULL, '2025-01-17 13:54:50.723', 9, NULL, '2025-01-28 10:42:36.795'),
(3, 'EXPEDIEE', NULL, '2024-12-02 22:55:21.709', 6, NULL, '2025-01-28 10:54:02.955'),
(4, 'EXPEDIEE', NULL, '2024-11-15 11:18:57.628', 6, NULL, '2025-01-28 15:14:07.635'),
(5, 'EXPEDIEE', NULL, '2025-01-22 04:33:12.878', 1, NULL, '2025-01-29 15:30:01.246'),
(6, 'EXPEDIEE', NULL, '2024-12-02 01:34:52.266', 7, NULL, '2025-01-23 14:20:10.073'),
(7, 'EXPEDIEE', NULL, '2024-12-28 21:27:49.344', 8, NULL, '2025-01-23 14:20:10.170'),
(8, 'EN_ATTENTE', NULL, '2024-12-18 16:51:45.425', 10, NULL, '2025-01-23 14:20:10.275'),
(9, 'EN_PREPARATION', NULL, '2024-12-13 16:41:33.574', 2, NULL, '2025-01-23 14:20:10.368'),
(10, 'LIVREE', NULL, '2024-12-23 17:00:26.693', 1, NULL, '2025-01-23 14:20:10.464'),
(11, 'EXPEDIEE', NULL, '2025-01-15 12:04:24.798', 7, NULL, '2025-01-23 14:20:10.560'),
(12, 'EN_PREPARATION', NULL, '2024-12-06 16:33:18.014', 10, NULL, '2025-01-23 14:20:10.666'),
(13, 'EN_PREPARATION', NULL, '2024-12-26 00:28:42.274', 2, NULL, '2025-01-23 14:20:10.763'),
(14, 'ANNULEE', NULL, '2024-11-19 09:34:35.538', 2, NULL, '2025-01-23 14:20:10.870'),
(15, 'EN_ATTENTE', NULL, '2024-11-19 03:27:33.640', 9, NULL, '2025-01-23 14:20:10.999'),
(16, 'EN_ATTENTE', NULL, '2024-12-02 07:50:49.745', 14, NULL, '2025-01-28 15:11:07.289'),
(17, 'EXPEDIEE', NULL, '2025-01-16 14:10:39.615', 11, NULL, '2025-01-23 14:20:11.188'),
(18, 'EN_PREPARATION', NULL, '2025-01-22 07:30:32.494', 3, NULL, '2025-01-23 14:20:11.300'),
(19, 'EXPEDIEE', NULL, '2024-11-27 01:51:39.021', 10, NULL, '2025-01-23 14:20:11.393'),
(20, 'EN_ATTENTE', NULL, '2024-12-09 13:55:32.061', 7, NULL, '2025-01-23 14:20:11.487'),
(21, 'EN_ATTENTE', NULL, '2024-12-12 01:21:18.551', 10, NULL, '2025-01-23 14:20:11.605'),
(22, 'ANNULEE', NULL, '2024-12-29 11:38:53.321', 12, NULL, '2025-01-23 14:20:11.701'),
(23, 'EXPEDIEE', NULL, '2024-12-04 03:31:34.371', 11, NULL, '2025-01-23 14:20:11.804'),
(24, 'EN_ATTENTE', NULL, '2024-12-07 15:05:32.406', 13, NULL, '2025-01-23 14:20:11.909'),
(25, 'LIVREE', NULL, '2024-12-11 06:02:35.947', 8, NULL, '2025-01-23 14:20:12.008'),
(26, 'EN_ATTENTE', NULL, '2025-01-15 09:06:03.469', 7, NULL, '2025-01-23 14:20:12.106'),
(27, 'EN_ATTENTE', NULL, '2024-12-01 21:08:16.712', 14, NULL, '2025-01-23 14:20:12.201'),
(28, 'EXPEDIEE', NULL, '2024-11-20 07:50:20.986', 9, NULL, '2025-01-23 14:20:12.304'),
(29, 'EN_PREPARATION', NULL, '2024-11-19 15:23:23.377', 2, NULL, '2025-01-23 14:20:12.404'),
(30, 'ANNULEE', NULL, '2024-12-30 17:27:59.932', 11, NULL, '2025-01-23 14:20:12.502'),
(31, 'EN_ATTENTE', NULL, '2025-01-07 08:38:15.078', 5, NULL, '2025-01-23 14:20:12.638'),
(32, 'EN_ATTENTE', NULL, '2024-12-07 21:47:28.173', 1, NULL, '2025-01-23 14:20:12.744'),
(33, 'EN_PREPARATION', NULL, '2024-12-06 18:53:21.759', 12, NULL, '2025-01-23 14:20:12.851'),
(34, 'EN_ATTENTE', NULL, '2024-11-21 16:24:33.585', 8, NULL, '2025-01-23 14:20:12.945'),
(35, 'LIVREE', NULL, '2025-01-18 03:50:42.469', 1, NULL, '2025-01-23 14:20:13.056'),
(36, 'ANNULEE', NULL, '2025-01-13 09:49:48.213', 3, NULL, '2025-01-23 14:20:13.158'),
(37, 'ANNULEE', NULL, '2024-12-26 09:52:56.878', 2, NULL, '2025-01-23 14:20:13.282'),
(38, 'ANNULEE', NULL, '2024-11-16 07:14:36.673', 7, NULL, '2025-01-23 14:20:13.384'),
(39, 'EN_PREPARATION', NULL, '2025-01-07 12:00:11.685', 5, NULL, '2025-01-23 14:20:13.477'),
(40, 'EXPEDIEE', NULL, '2025-01-03 05:23:25.041', 3, NULL, '2025-01-23 14:20:13.597'),
(41, 'EXPEDIEE', NULL, '2024-12-06 05:29:24.514', 10, NULL, '2025-01-23 14:20:13.689'),
(42, 'ANNULEE', NULL, '2024-11-14 19:20:55.285', 12, NULL, '2025-01-23 14:20:13.788'),
(43, 'ANNULEE', NULL, '2024-12-15 14:22:53.181', 14, NULL, '2025-01-23 14:20:13.894'),
(44, 'EXPEDIEE', NULL, '2024-11-22 14:47:03.580', 12, NULL, '2025-01-23 14:20:13.982'),
(45, 'EN_PREPARATION', NULL, '2025-01-08 18:04:10.342', 8, NULL, '2025-01-23 14:20:14.071'),
(46, 'LIVREE', NULL, '2024-11-20 19:09:11.956', 1, NULL, '2025-01-23 14:20:14.287'),
(47, 'EN_PREPARATION', NULL, '2024-12-19 00:26:00.575', 6, NULL, '2025-01-23 14:20:14.374'),
(48, 'LIVREE', NULL, '2024-12-18 10:06:00.345', 13, NULL, '2025-01-23 14:20:14.504'),
(49, 'EN_ATTENTE', NULL, '2025-01-14 23:01:38.195', 5, NULL, '2025-01-23 14:20:14.595'),
(50, 'EXPEDIEE', NULL, '2025-01-02 09:25:55.570', 2, NULL, '2025-01-23 14:20:14.694'),
(51, 'ANNULEE', NULL, '2024-12-03 21:02:27.019', 13, NULL, '2025-01-23 14:20:14.775'),
(52, 'EN_PREPARATION', NULL, '2024-11-15 12:54:16.021', 14, NULL, '2025-01-23 14:20:14.862'),
(53, 'EN_PREPARATION', NULL, '2024-12-03 02:40:57.710', 13, NULL, '2025-01-23 14:20:14.943'),
(54, 'ANNULEE', NULL, '2024-12-14 20:01:03.753', 10, NULL, '2025-01-23 14:20:15.025'),
(55, 'EXPEDIEE', NULL, '2024-11-19 11:47:56.578', 4, NULL, '2025-01-23 14:20:15.125'),
(56, 'EXPEDIEE', NULL, '2024-12-05 06:27:16.575', 5, NULL, '2025-01-23 14:20:15.205'),
(57, 'ANNULEE', NULL, '2024-11-21 16:18:59.240', 4, NULL, '2025-01-23 14:20:15.298'),
(58, 'LIVREE', NULL, '2024-12-14 01:46:35.182', 10, NULL, '2025-01-23 14:20:15.388'),
(59, 'EN_PREPARATION', NULL, '2024-12-20 04:35:16.520', 7, NULL, '2025-01-23 14:20:15.479'),
(60, 'EXPEDIEE', NULL, '2024-12-01 04:25:27.957', 5, NULL, '2025-01-23 14:20:15.559'),
(61, 'EN_PREPARATION', NULL, '2025-01-17 21:31:15.535', 3, NULL, '2025-01-23 14:20:15.641'),
(62, 'EN_ATTENTE', NULL, '2025-01-21 00:26:28.718', 3, NULL, '2025-01-23 14:20:15.722'),
(63, 'EN_ATTENTE', NULL, '2024-12-01 04:49:18.299', 14, NULL, '2025-01-23 14:20:15.820'),
(64, 'EN_PREPARATION', NULL, '2024-11-22 04:41:54.435', 1, NULL, '2025-01-23 14:20:15.903'),
(65, 'EXPEDIEE', NULL, '2024-12-22 07:38:52.839', 6, NULL, '2025-01-23 14:20:16.003'),
(66, 'LIVREE', NULL, '2024-12-25 00:01:01.885', 6, NULL, '2025-01-23 14:20:16.084'),
(67, 'EN_ATTENTE', NULL, '2024-12-09 11:29:58.775', 3, NULL, '2025-01-23 14:20:16.170'),
(68, 'EN_ATTENTE', NULL, '2024-11-22 01:59:41.002', 13, NULL, '2025-01-23 14:20:16.259'),
(69, 'LIVREE', NULL, '2025-01-19 10:14:58.430', 8, NULL, '2025-01-23 14:20:16.343'),
(70, 'EN_PREPARATION', NULL, '2024-12-15 05:34:23.978', 12, NULL, '2025-01-23 14:20:16.420'),
(71, 'EN_ATTENTE', NULL, '2025-01-14 11:42:34.174', 1, NULL, '2025-01-23 14:20:16.497'),
(72, 'EXPEDIEE', NULL, '2024-12-14 22:42:41.672', 14, NULL, '2025-01-23 14:20:16.580'),
(73, 'EN_PREPARATION', NULL, '2024-11-18 05:52:21.369', 12, NULL, '2025-01-23 14:20:16.653'),
(74, 'EXPEDIEE', NULL, '2024-11-19 20:18:05.246', 8, NULL, '2025-01-23 14:20:16.731'),
(75, 'EN_PREPARATION', NULL, '2024-12-12 15:10:50.586', 4, NULL, '2025-01-23 14:20:16.809'),
(76, 'LIVREE', NULL, '2024-11-29 20:19:29.948', 1, NULL, '2025-01-23 14:20:16.888'),
(77, 'EN_ATTENTE', NULL, '2024-12-26 21:40:50.805', 8, NULL, '2025-01-23 14:20:16.965'),
(78, 'EN_PREPARATION', NULL, '2025-01-21 11:51:13.758', 13, NULL, '2025-01-23 14:20:17.038'),
(79, 'EN_PREPARATION', NULL, '2024-12-07 09:54:20.583', 10, NULL, '2025-01-23 14:20:17.111'),
(80, 'LIVREE', NULL, '2024-12-18 11:03:40.373', 10, NULL, '2025-01-23 14:20:17.192'),
(81, 'EXPEDIEE', NULL, '2025-01-09 21:32:35.348', 12, NULL, '2025-01-23 14:20:17.267'),
(82, 'EN_ATTENTE', NULL, '2024-12-30 10:11:46.094', 10, NULL, '2025-01-23 14:20:17.344'),
(83, 'EXPEDIEE', NULL, '2024-12-20 09:28:45.545', 7, NULL, '2025-01-23 14:20:17.436'),
(84, 'EN_ATTENTE', NULL, '2025-01-06 18:34:04.897', 10, NULL, '2025-01-23 14:20:17.555'),
(85, 'EXPEDIEE', NULL, '2025-01-04 05:48:50.800', 6, NULL, '2025-01-23 14:20:17.638'),
(86, 'EXPEDIEE', NULL, '2024-12-23 05:56:06.820', 8, NULL, '2025-01-23 14:20:17.716'),
(87, 'LIVREE', NULL, '2025-01-04 12:38:43.115', 4, NULL, '2025-01-23 14:20:17.794'),
(88, 'EXPEDIEE', NULL, '2025-01-07 21:23:26.593', 3, NULL, '2025-01-23 14:20:17.877'),
(89, 'LIVREE', NULL, '2025-01-19 03:11:47.941', 3, NULL, '2025-01-23 14:20:17.962'),
(90, 'LIVREE', NULL, '2025-01-23 06:11:27.128', 2, NULL, '2025-01-23 14:20:18.039'),
(91, 'ANNULEE', NULL, '2024-12-02 23:40:35.320', 10, NULL, '2025-01-23 14:20:18.118'),
(92, 'EN_PREPARATION', NULL, '2025-01-18 18:58:18.372', 12, NULL, '2025-01-23 14:20:18.199'),
(93, 'ANNULEE', NULL, '2024-12-08 11:36:29.457', 12, NULL, '2025-01-23 14:20:18.285'),
(94, 'EXPEDIEE', NULL, '2024-12-16 16:18:16.820', 12, NULL, '2025-01-23 14:20:18.364'),
(95, 'LIVREE', NULL, '2024-12-03 17:24:16.102', 2, NULL, '2025-01-23 14:20:18.442'),
(96, 'LIVREE', NULL, '2024-12-23 05:52:48.168', 4, NULL, '2025-01-23 14:20:18.522'),
(97, 'EN_ATTENTE', NULL, '2024-12-19 17:10:52.607', 5, NULL, '2025-01-23 14:20:18.606'),
(98, 'ANNULEE', NULL, '2024-11-26 18:49:00.610', 3, NULL, '2025-01-23 14:20:18.688'),
(99, 'LIVREE', NULL, '2024-11-16 02:58:32.009', 1, NULL, '2025-01-23 14:20:18.766'),
(100, 'EN_ATTENTE', NULL, '2024-12-03 01:53:21.198', 6, NULL, '2025-01-23 14:20:18.861'),
(101, 'EXPEDIEE', NULL, '2024-11-20 16:21:34.003', 9, NULL, '2025-01-23 14:20:18.954'),
(102, 'LIVREE', NULL, '2025-01-15 01:39:44.092', 7, NULL, '2025-01-23 14:20:19.035'),
(103, 'EXPEDIEE', NULL, '2024-11-27 07:38:36.081', 9, NULL, '2025-01-23 14:20:19.115'),
(104, 'EN_ATTENTE', NULL, '2025-01-18 09:28:36.123', 9, NULL, '2025-01-23 14:20:19.265'),
(105, 'EXPEDIEE', NULL, '2025-01-21 02:41:29.735', 4, NULL, '2025-01-23 14:20:19.345'),
(106, 'EXPEDIEE', NULL, '2024-11-15 21:42:43.024', 11, NULL, '2025-01-23 14:20:19.423'),
(107, 'EN_ATTENTE', NULL, '2024-11-27 03:07:53.981', 2, NULL, '2025-01-23 14:20:19.502'),
(108, 'EN_ATTENTE', NULL, '2025-01-01 03:53:11.534', 9, NULL, '2025-01-23 14:20:19.582'),
(109, 'ANNULEE', NULL, '2024-12-06 01:02:01.617', 1, NULL, '2025-01-23 14:20:19.661'),
(110, 'EN_ATTENTE', NULL, '2024-11-22 06:21:48.329', 11, NULL, '2025-01-23 14:20:19.747'),
(111, 'EN_PREPARATION', NULL, '2024-12-09 04:17:44.806', 6, NULL, '2025-01-23 14:20:19.837'),
(112, 'EN_PREPARATION', NULL, '2024-12-27 14:13:06.637', 12, NULL, '2025-01-23 14:20:19.912'),
(113, 'LIVREE', NULL, '2024-11-24 16:42:11.522', 12, NULL, '2025-01-23 14:20:19.992'),
(114, 'EXPEDIEE', NULL, '2025-01-05 13:45:54.039', 1, NULL, '2025-01-23 14:20:20.076'),
(115, 'ANNULEE', NULL, '2024-12-07 13:27:31.908', 13, NULL, '2025-01-23 14:20:20.155'),
(116, 'ANNULEE', NULL, '2025-01-10 07:45:33.229', 12, NULL, '2025-01-23 14:20:20.242'),
(117, 'ANNULEE', NULL, '2025-01-14 03:13:00.984', 1, NULL, '2025-01-23 14:20:20.323'),
(118, 'EN_PREPARATION', NULL, '2024-12-08 23:13:57.947', 9, NULL, '2025-01-23 14:20:20.404'),
(119, 'LIVREE', NULL, '2025-01-21 09:41:30.681', 14, NULL, '2025-01-23 14:20:20.483'),
(120, 'EN_PREPARATION', NULL, '2024-11-15 07:09:47.425', 3, NULL, '2025-01-23 14:20:20.568'),
(121, 'EN_PREPARATION', NULL, '2024-12-20 13:44:36.262', 10, NULL, '2025-01-23 14:20:20.664'),
(122, 'EN_PREPARATION', NULL, '2025-01-02 09:13:15.512', 10, NULL, '2025-01-23 14:20:20.743'),
(123, 'LIVREE', NULL, '2024-11-14 18:26:28.310', 9, NULL, '2025-01-23 14:20:20.831'),
(124, 'LIVREE', NULL, '2024-11-28 18:06:09.975', 9, NULL, '2025-01-23 14:20:20.914'),
(125, 'EXPEDIEE', NULL, '2025-01-03 07:55:14.828', 6, NULL, '2025-01-23 14:20:20.991'),
(126, 'ANNULEE', NULL, '2024-12-01 21:38:56.170', 13, NULL, '2025-01-23 14:20:21.136'),
(127, 'LIVREE', NULL, '2025-01-14 19:54:43.806', 9, NULL, '2025-01-23 14:20:21.214'),
(128, 'EN_PREPARATION', NULL, '2024-12-28 00:31:05.602', 8, NULL, '2025-01-23 14:20:21.299'),
(129, 'ANNULEE', NULL, '2024-12-10 05:34:18.009', 7, NULL, '2025-01-23 14:20:21.379'),
(130, 'EN_PREPARATION', NULL, '2024-12-16 19:21:33.248', 6, NULL, '2025-01-23 14:20:21.462'),
(131, 'LIVREE', NULL, '2024-12-25 05:42:37.547', 9, NULL, '2025-01-23 14:20:21.538'),
(132, 'ANNULEE', NULL, '2024-11-19 12:29:14.061', 3, NULL, '2025-01-23 14:20:21.615'),
(133, 'EN_ATTENTE', NULL, '2025-01-20 16:49:00.205', 7, NULL, '2025-01-23 14:20:21.696'),
(134, 'ANNULEE', NULL, '2024-11-18 07:10:27.647', 8, NULL, '2025-01-23 14:20:21.772'),
(135, 'EN_PREPARATION', NULL, '2025-01-21 13:39:46.747', 4, NULL, '2025-01-23 14:20:21.860'),
(136, 'ANNULEE', NULL, '2024-12-31 18:54:18.576', 11, NULL, '2025-01-23 14:20:21.941'),
(137, 'LIVREE', NULL, '2024-12-01 21:52:10.795', 6, NULL, '2025-01-23 14:20:22.023'),
(138, 'ANNULEE', NULL, '2024-12-17 02:01:20.499', 14, NULL, '2025-01-23 14:20:22.100'),
(139, 'EN_ATTENTE', NULL, '2024-12-13 15:28:19.929', 5, NULL, '2025-01-23 14:20:22.179'),
(140, 'EN_PREPARATION', NULL, '2024-12-16 10:29:58.158', 7, NULL, '2025-01-23 14:20:22.254'),
(141, 'LIVREE', NULL, '2024-12-12 01:52:16.666', 4, NULL, '2025-01-23 14:20:22.337'),
(142, 'LIVREE', NULL, '2025-01-08 12:47:08.717', 3, NULL, '2025-01-23 14:20:22.418'),
(143, 'LIVREE', NULL, '2024-11-26 15:05:34.048', 3, NULL, '2025-01-23 14:20:22.498'),
(144, 'EN_PREPARATION', NULL, '2024-12-15 02:23:03.562', 9, NULL, '2025-01-23 14:20:22.427'),
(145, 'ANNULEE', NULL, '2024-12-29 05:34:29.070', 6, NULL, '2025-01-23 14:20:22.516'),
(146, 'EXPEDIEE', NULL, '2024-12-03 05:25:40.145', 8, NULL, '2025-01-23 14:20:22.597'),
(147, 'ANNULEE', NULL, '2024-12-02 09:44:08.756', 14, NULL, '2025-01-23 14:20:22.702'),
(148, 'EN_PREPARATION', NULL, '2024-12-19 08:07:36.439', 9, NULL, '2025-01-23 14:20:22.783'),
(149, 'EN_ATTENTE', NULL, '2024-12-25 02:09:01.265', 6, NULL, '2025-01-23 14:20:22.868'),
(150, 'EXPEDIEE', NULL, '2025-01-13 21:39:33.278', 1, NULL, '2025-01-23 14:20:22.957'),
(151, 'LIVREE', NULL, '2025-01-07 06:20:03.084', 6, NULL, '2025-01-23 14:20:23.047'),
(152, 'EN_PREPARATION', NULL, '2024-11-23 11:42:16.266', 2, NULL, '2025-01-23 14:20:23.127'),
(153, 'LIVREE', NULL, '2024-12-01 11:59:59.265', 9, NULL, '2025-01-23 14:20:23.209'),
(154, 'EXPEDIEE', NULL, '2024-12-01 00:42:20.395', 14, NULL, '2025-01-23 14:20:23.294'),
(155, 'ANNULEE', NULL, '2025-01-06 13:19:25.160', 12, NULL, '2025-01-23 14:20:23.372'),
(156, 'EN_PREPARATION', NULL, '2024-12-20 06:27:21.490', 12, NULL, '2025-01-23 14:20:23.449'),
(157, 'ANNULEE', NULL, '2024-12-24 01:00:16.209', 7, NULL, '2025-01-23 14:20:23.525'),
(158, 'ANNULEE', NULL, '2024-12-25 12:41:27.813', 3, NULL, '2025-01-23 14:20:23.608'),
(159, 'EXPEDIEE', NULL, '2024-12-24 03:32:47.951', 10, NULL, '2025-01-23 14:20:23.754'),
(160, 'ANNULEE', NULL, '2024-11-27 06:04:41.430', 11, NULL, '2025-01-23 14:20:23.873'),
(161, 'EXPEDIEE', NULL, '2024-12-21 12:54:53.301', 6, NULL, '2025-01-23 14:20:23.976'),
(162, 'LIVREE', NULL, '2025-01-08 04:27:00.335', 5, NULL, '2025-01-23 14:20:24.059'),
(163, 'EXPEDIEE', NULL, '2025-01-03 14:16:10.243', 4, NULL, '2025-01-23 14:20:24.139'),
(164, 'EXPEDIEE', NULL, '2024-11-28 00:13:33.119', 11, NULL, '2025-01-23 14:20:24.217'),
(165, 'LIVREE', NULL, '2024-11-30 04:30:27.907', 13, NULL, '2025-01-23 14:20:24.295'),
(166, 'LIVREE', NULL, '2025-01-20 07:49:52.455', 1, NULL, '2025-01-23 14:20:24.369'),
(167, 'EN_PREPARATION', NULL, '2025-01-18 01:23:39.562', 11, NULL, '2025-01-23 14:20:24.450'),
(168, 'EXPEDIEE', NULL, '2024-12-17 03:26:30.925', 8, NULL, '2025-01-23 14:20:24.525'),
(169, 'ANNULEE', NULL, '2024-11-29 06:38:00.638', 5, NULL, '2025-01-23 14:20:24.602'),
(170, 'EXPEDIEE', NULL, '2024-11-30 01:24:18.491', 5, NULL, '2025-01-23 14:20:24.884'),
(171, 'EN_ATTENTE', NULL, '2025-01-13 10:56:49.651', 8, NULL, '2025-01-23 14:20:24.965'),
(172, 'EXPEDIEE', NULL, '2025-01-22 11:01:58.188', 4, NULL, '2025-01-23 14:20:25.040'),
(173, 'EXPEDIEE', NULL, '2025-01-07 22:54:23.625', 8, NULL, '2025-01-23 14:20:25.128'),
(174, 'LIVREE', NULL, '2024-12-09 14:22:36.221', 14, NULL, '2025-01-23 14:20:25.204'),
(175, 'EXPEDIEE', NULL, '2025-01-02 02:11:53.738', 1, NULL, '2025-01-23 14:20:25.286'),
(176, 'LIVREE', NULL, '2024-11-14 13:09:35.934', 7, NULL, '2025-01-23 14:20:25.370'),
(177, 'LIVREE', NULL, '2025-01-01 00:42:58.007', 13, NULL, '2025-01-23 14:20:25.447'),
(178, 'EXPEDIEE', NULL, '2024-12-09 04:48:07.342', 13, NULL, '2025-01-23 14:20:25.523'),
(179, 'LIVREE', NULL, '2025-01-16 08:11:34.442', 13, NULL, '2025-01-23 14:20:25.603'),
(180, 'LIVREE', NULL, '2024-12-20 02:20:18.754', 10, NULL, '2025-01-23 14:20:25.684'),
(181, 'LIVREE', NULL, '2024-11-15 09:54:24.825', 8, NULL, '2025-01-23 14:20:25.771'),
(182, 'ANNULEE', NULL, '2024-12-18 20:39:19.797', 3, NULL, '2025-01-23 14:20:25.852'),
(183, 'ANNULEE', NULL, '2024-12-17 19:17:58.349', 1, NULL, '2025-01-23 14:20:25.933'),
(184, 'EN_ATTENTE', NULL, '2025-01-04 01:48:48.779', 7, NULL, '2025-01-23 14:20:26.009'),
(185, 'EN_ATTENTE', NULL, '2024-12-11 10:38:41.279', 7, NULL, '2025-01-23 14:20:26.085'),
(186, 'EXPEDIEE', NULL, '2025-01-03 00:35:49.181', 8, NULL, '2025-01-23 14:20:26.163'),
(187, 'EN_ATTENTE', NULL, '2024-11-29 05:21:55.554', 3, NULL, '2025-01-23 14:20:26.249'),
(188, 'LIVREE', NULL, '2025-01-16 16:22:46.069', 3, NULL, '2025-01-23 14:20:26.326'),
(189, 'EXPEDIEE', NULL, '2024-11-28 14:25:41.914', 13, NULL, '2025-01-23 14:20:26.402'),
(190, 'EXPEDIEE', NULL, '2024-12-29 11:07:56.500', 1, NULL, '2025-01-23 14:20:26.480'),
(191, 'LIVREE', NULL, '2024-12-26 19:18:15.187', 1, NULL, '2025-01-23 14:20:26.570'),
(192, 'EXPEDIEE', NULL, '2024-12-05 03:06:03.238', 13, NULL, '2025-01-23 14:20:26.669'),
(193, 'LIVREE', NULL, '2025-01-08 11:50:36.626', 14, NULL, '2025-01-23 14:20:26.754'),
(194, 'EN_PREPARATION', NULL, '2024-12-01 07:42:49.401', 1, NULL, '2025-01-23 14:20:26.838'),
(195, 'EN_ATTENTE', NULL, '2024-12-30 13:42:00.738', 10, NULL, '2025-01-23 14:20:26.922'),
(196, 'EN_ATTENTE', NULL, '2025-01-17 18:18:57.336', 13, NULL, '2025-01-23 14:20:27.003'),
(197, 'EXPEDIEE', NULL, '2024-12-20 21:33:57.218', 13, NULL, '2025-01-23 14:20:27.085'),
(198, 'EN_PREPARATION', NULL, '2025-01-09 07:34:04.032', 12, NULL, '2025-01-23 14:20:27.163'),
(199, 'ANNULEE', NULL, '2024-11-29 04:25:21.829', 14, NULL, '2025-01-23 14:20:27.238'),
(200, 'ANNULEE', NULL, '2024-11-15 10:56:40.739', 2, NULL, '2025-01-23 14:20:27.324'),
(201, 'EXPEDIEE', NULL, '2024-12-06 19:14:21.418', 3, NULL, '2025-01-23 14:20:27.410'),
(202, 'LIVREE', NULL, '2024-12-26 07:51:33.161', 5, NULL, '2025-01-23 14:20:27.489'),
(203, 'ANNULEE', NULL, '2024-11-23 17:40:38.515', 2, NULL, '2025-01-23 14:20:27.567'),
(204, 'LIVREE', NULL, '2024-12-28 09:28:08.725', 9, NULL, '2025-01-23 14:20:27.653'),
(205, 'EXPEDIEE', NULL, '2024-11-19 00:21:50.696', 3, NULL, '2025-01-23 14:20:27.736'),
(206, 'EN_PREPARATION', NULL, '2024-12-14 14:17:20.120', 14, NULL, '2025-01-23 14:20:27.814'),
(207, 'LIVREE', NULL, '2024-11-14 10:17:01.265', 9, NULL, '2025-01-23 14:20:27.890'),
(208, 'ANNULEE', NULL, '2024-12-16 00:36:38.580', 7, NULL, '2025-01-23 14:20:27.966'),
(209, 'EXPEDIEE', NULL, '2024-11-14 18:18:39.119', 6, NULL, '2025-01-23 14:20:28.051'),
(210, 'EXPEDIEE', NULL, '2024-12-13 04:37:54.285', 5, NULL, '2025-01-23 14:20:28.126'),
(211, 'EN_PREPARATION', NULL, '2024-12-15 14:39:08.071', 14, NULL, '2025-01-23 14:20:28.203'),
(212, 'ANNULEE', NULL, '2024-11-25 08:06:18.992', 4, NULL, '2025-01-23 14:20:28.284'),
(213, 'EXPEDIEE', NULL, '2024-12-05 15:02:51.691', 14, NULL, '2025-01-23 14:20:28.374'),
(214, 'EN_ATTENTE', NULL, '2025-01-22 21:33:57.804', 7, NULL, '2025-01-23 14:20:28.448'),
(215, 'EN_PREPARATION', NULL, '2024-12-24 06:32:20.928', 14, NULL, '2025-01-23 14:20:28.532'),
(216, 'LIVREE', NULL, '2025-01-02 01:40:41.208', 1, NULL, '2025-01-23 14:20:28.611'),
(217, 'LIVREE', NULL, '2024-12-25 15:59:21.172', 5, NULL, '2025-01-23 14:20:28.775'),
(218, 'ANNULEE', NULL, '2024-11-18 06:37:37.638', 2, NULL, '2025-01-23 14:20:28.860'),
(219, 'ANNULEE', NULL, '2025-01-13 16:31:45.976', 13, NULL, '2025-01-23 14:20:28.940'),
(220, 'EXPEDIEE', NULL, '2024-12-25 12:50:30.066', 4, NULL, '2025-01-23 14:20:29.025'),
(221, 'EXPEDIEE', NULL, '2024-12-22 12:09:23.493', 5, NULL, '2025-01-23 14:20:29.110'),
(222, 'EN_PREPARATION', NULL, '2025-01-09 20:04:51.315', 3, NULL, '2025-01-23 14:20:29.191'),
(223, 'LIVREE', NULL, '2024-12-06 05:40:12.428', 8, NULL, '2025-01-23 14:20:29.273'),
(224, 'LIVREE', NULL, '2025-01-08 13:30:54.727', 3, NULL, '2025-01-23 14:20:29.358'),
(225, 'EN_PREPARATION', NULL, '2024-11-27 02:47:15.172', 7, NULL, '2025-01-23 14:20:29.440'),
(226, 'EN_ATTENTE', NULL, '2024-12-20 00:34:51.839', 8, NULL, '2025-01-23 14:20:29.526'),
(227, 'EN_PREPARATION', NULL, '2024-11-16 17:44:43.507', 6, NULL, '2025-01-23 14:20:29.614'),
(228, 'ANNULEE', NULL, '2025-01-09 15:38:18.865', 13, NULL, '2025-01-23 14:20:29.792'),
(229, 'EN_PREPARATION', NULL, '2024-12-23 07:25:15.411', 1, NULL, '2025-01-23 14:20:29.869'),
(230, 'EN_ATTENTE', NULL, '2025-01-07 11:32:03.448', 8, NULL, '2025-01-23 14:20:29.950'),
(231, 'EN_ATTENTE', NULL, '2024-12-25 01:11:16.181', 3, NULL, '2025-01-23 14:20:30.059'),
(232, 'EN_PREPARATION', NULL, '2024-11-23 20:20:48.118', 3, NULL, '2025-01-23 14:20:30.161'),
(233, 'EN_PREPARATION', NULL, '2025-01-11 19:08:28.009', 8, NULL, '2025-01-23 14:20:30.245'),
(234, 'EXPEDIEE', NULL, '2024-11-22 07:49:01.596', 4, NULL, '2025-01-23 14:20:30.325'),
(235, 'LIVREE', NULL, '2024-11-17 17:24:57.844', 2, NULL, '2025-01-23 14:20:30.410'),
(236, 'EN_PREPARATION', NULL, '2024-12-08 18:27:54.881', 1, NULL, '2025-01-23 14:20:30.498'),
(237, 'EN_PREPARATION', NULL, '2024-11-24 09:44:02.080', 12, NULL, '2025-01-23 14:20:30.578'),
(238, 'EN_ATTENTE', NULL, '2025-01-09 11:32:37.686', 12, NULL, '2025-01-23 14:20:30.666'),
(239, 'EXPEDIEE', NULL, '2025-01-14 02:19:28.234', 12, NULL, '2025-01-23 14:20:30.751'),
(240, 'ANNULEE', NULL, '2024-11-25 06:10:41.090', 2, NULL, '2025-01-23 14:20:30.828'),
(241, 'EXPEDIEE', NULL, '2024-12-18 00:33:02.048', 11, NULL, '2025-01-23 14:20:30.911'),
(242, 'LIVREE', NULL, '2024-12-23 07:12:25.708', 8, NULL, '2025-01-23 14:20:30.989'),
(243, 'ANNULEE', NULL, '2025-01-09 00:04:10.803', 9, NULL, '2025-01-23 14:20:31.067'),
(244, 'EN_ATTENTE', NULL, '2024-11-23 10:35:51.960', 2, NULL, '2025-01-23 14:20:31.146'),
(245, 'EXPEDIEE', NULL, '2025-01-03 11:33:39.474', 7, NULL, '2025-01-23 14:20:31.227'),
(246, 'LIVREE', NULL, '2024-11-16 23:43:36.356', 9, NULL, '2025-01-23 14:20:31.307'),
(247, 'EN_ATTENTE', NULL, '2024-12-30 05:15:35.814', 7, NULL, '2025-01-23 14:20:31.383'),
(248, 'EN_ATTENTE', NULL, '2024-12-20 00:15:38.211', 2, NULL, '2025-01-23 14:20:31.460'),
(249, 'ANNULEE', NULL, '2024-12-16 23:45:30.560', 9, NULL, '2025-01-23 14:20:31.541'),
(250, 'ANNULEE', NULL, '2024-11-24 04:32:11.133', 11, NULL, '2025-01-23 14:20:31.616'),
(251, 'ANNULEE', NULL, '2024-12-06 03:14:15.213', 4, NULL, '2025-01-23 14:20:31.704'),
(252, 'EN_PREPARATION', NULL, '2025-01-08 09:45:12.929', 12, NULL, '2025-01-23 14:20:31.781'),
(253, 'LIVREE', NULL, '2025-01-23 06:53:48.141', 13, NULL, '2025-01-23 14:20:31.863'),
(254, 'EXPEDIEE', NULL, '2024-12-08 12:02:56.076', 9, NULL, '2025-01-23 14:20:31.941'),
(255, 'ANNULEE', NULL, '2025-01-04 16:08:12.287', 11, NULL, '2025-01-23 14:20:32.018'),
(256, 'ANNULEE', NULL, '2024-12-11 21:08:03.509', 12, NULL, '2025-01-23 14:20:32.096'),
(257, 'ANNULEE', NULL, '2025-01-09 04:26:34.377', 1, NULL, '2025-01-23 14:20:32.182'),
(258, 'EN_PREPARATION', NULL, '2024-11-17 03:53:50.729', 11, NULL, '2025-01-23 14:20:32.263'),
(259, 'LIVREE', NULL, '2024-11-23 06:02:34.157', 11, NULL, '2025-01-23 14:20:32.339'),
(260, 'ANNULEE', NULL, '2024-12-05 05:53:37.927', 5, NULL, '2025-01-23 14:20:32.414'),
(261, 'EN_PREPARATION', NULL, '2024-11-16 20:38:57.133', 9, NULL, '2025-01-23 14:20:32.505'),
(262, 'EN_PREPARATION', NULL, '2024-11-16 17:11:01.640', 3, NULL, '2025-01-23 14:20:32.594'),
(263, 'EN_ATTENTE', NULL, '2024-11-22 21:27:49.842', 7, NULL, '2025-01-23 14:20:32.681'),
(264, 'EN_ATTENTE', NULL, '2024-11-25 17:51:55.538', 2, NULL, '2025-01-23 14:20:32.768'),
(265, 'LIVREE', NULL, '2025-01-15 08:01:23.664', 6, NULL, '2025-01-23 14:20:32.847'),
(266, 'LIVREE', NULL, '2024-12-04 02:16:27.516', 11, NULL, '2025-01-23 14:20:32.932'),
(267, 'EN_PREPARATION', NULL, '2024-12-04 16:25:49.721', 12, NULL, '2025-01-23 14:20:33.015'),
(268, 'EN_ATTENTE', NULL, '2024-11-28 22:09:06.952', 9, NULL, '2025-01-23 14:20:33.105'),
(269, 'LIVREE', NULL, '2025-01-13 01:08:55.669', 2, NULL, '2025-01-23 14:20:33.185'),
(270, 'EXPEDIEE', NULL, '2024-12-30 10:15:50.847', 2, NULL, '2025-01-23 14:20:33.270'),
(271, 'ANNULEE', NULL, '2025-01-21 14:10:11.067', 14, NULL, '2025-01-23 14:20:33.348'),
(272, 'EN_PREPARATION', NULL, '2024-12-07 17:23:01.481', 5, NULL, '2025-01-23 14:20:33.424'),
(273, 'EXPEDIEE', NULL, '2024-12-02 07:37:32.404', 6, NULL, '2025-01-23 14:20:33.506'),
(274, 'ANNULEE', NULL, '2024-12-18 15:52:59.708', 10, NULL, '2025-01-23 14:20:33.583'),
(275, 'ANNULEE', NULL, '2024-12-23 16:35:52.532', 1, NULL, '2025-01-23 14:20:33.675'),
(276, 'EXPEDIEE', NULL, '2024-12-18 07:17:54.336', 1, NULL, '2025-01-23 14:20:33.753'),
(277, 'EN_PREPARATION', NULL, '2025-01-14 20:43:57.065', 1, NULL, '2025-01-23 14:20:33.833'),
(278, 'LIVREE', NULL, '2024-12-08 20:54:23.377', 4, NULL, '2025-01-23 14:20:33.909'),
(279, 'ANNULEE', NULL, '2024-12-23 20:34:46.009', 7, NULL, '2025-01-23 14:20:33.993'),
(280, 'EN_ATTENTE', NULL, '2024-11-27 23:23:55.097', 7, NULL, '2025-01-23 14:20:34.071'),
(281, 'ANNULEE', NULL, '2024-12-10 07:35:20.733', 1, NULL, '2025-01-23 14:20:34.149'),
(282, 'LIVREE', NULL, '2024-12-17 15:31:31.585', 14, NULL, '2025-01-23 14:20:34.227'),
(283, 'LIVREE', NULL, '2024-12-31 20:07:55.631', 12, NULL, '2025-01-23 14:20:34.309'),
(284, 'EN_PREPARATION', NULL, '2024-12-08 20:17:33.220', 10, NULL, '2025-01-23 14:20:34.386'),
(285, 'EN_PREPARATION', NULL, '2024-11-24 21:09:25.448', 8, NULL, '2025-01-23 14:20:34.461'),
(286, 'EN_ATTENTE', NULL, '2025-01-15 02:19:31.262', 2, NULL, '2025-01-23 14:20:34.539'),
(287, 'LIVREE', NULL, '2025-01-13 01:07:34.630', 6, NULL, '2025-01-23 14:20:34.620'),
(288, 'LIVREE', NULL, '2024-11-30 23:44:20.773', 5, NULL, '2025-01-23 14:20:34.704'),
(289, 'EXPEDIEE', NULL, '2025-01-20 08:36:21.921', 6, NULL, '2025-01-23 14:20:34.785'),
(290, 'ANNULEE', NULL, '2024-11-28 03:30:51.806', 8, NULL, '2025-01-23 14:20:34.875'),
(291, 'EN_ATTENTE', NULL, '2025-01-19 23:43:18.493', 10, NULL, '2025-01-23 14:20:34.957'),
(292, 'EN_ATTENTE', NULL, '2025-01-17 21:59:13.613', 5, NULL, '2025-01-23 14:20:35.041'),
(293, 'LIVREE', NULL, '2024-11-27 05:47:17.601', 1, NULL, '2025-01-23 14:20:35.123'),
(294, 'LIVREE', NULL, '2025-01-22 05:51:35.609', 11, NULL, '2025-01-23 14:20:35.205'),
(295, 'EXPEDIEE', NULL, '2024-12-30 20:14:46.677', 1, NULL, '2025-01-23 14:20:35.349'),
(296, 'EN_PREPARATION', NULL, '2024-12-05 08:43:16.404', 2, NULL, '2025-01-23 14:20:35.434'),
(297, 'LIVREE', NULL, '2025-01-18 05:09:04.590', 12, NULL, '2025-01-23 14:20:35.515'),
(298, 'EN_ATTENTE', NULL, '2024-12-07 14:36:56.320', 2, NULL, '2025-01-23 14:20:35.600'),
(299, 'LIVREE', NULL, '2024-12-05 18:28:01.431', 1, NULL, '2025-01-23 14:20:35.691'),
(300, 'EXPEDIEE', NULL, '2025-01-02 02:44:21.427', 8, NULL, '2025-01-23 14:20:35.787'),
(301, 'ANNULEE', NULL, '2024-11-26 00:46:42.236', 12, NULL, '2025-01-23 14:20:35.875'),
(302, 'EN_PREPARATION', NULL, '2024-11-21 21:15:55.962', 10, NULL, '2025-01-23 14:20:35.955'),
(303, 'LIVREE', NULL, '2024-12-04 08:01:21.088', 12, NULL, '2025-01-23 14:20:36.035'),
(304, 'EN_PREPARATION', NULL, '2024-12-02 14:20:07.928', 10, NULL, '2025-01-23 14:20:36.117'),
(305, 'EN_PREPARATION', NULL, '2025-01-14 14:12:31.941', 7, NULL, '2025-01-23 14:20:36.215'),
(306, 'LIVREE', NULL, '2024-12-13 19:03:22.295', 10, NULL, '2025-01-23 14:20:36.357'),
(307, 'EXPEDIEE', NULL, '2025-01-17 09:28:21.347', 2, NULL, '2025-01-23 14:20:36.480'),
(308, 'LIVREE', NULL, '2025-01-11 11:05:32.358', 6, NULL, '2025-01-23 14:20:36.570'),
(309, 'ANNULEE', NULL, '2024-11-24 22:13:58.636', 5, NULL, '2025-01-23 14:20:36.636'),
(310, 'EXPEDIEE', NULL, '2025-01-22 23:22:49.262', 12, NULL, '2025-01-23 14:20:36.705'),
(311, 'EN_ATTENTE', NULL, '2024-11-29 18:34:16.951', 9, NULL, '2025-01-23 14:20:36.788'),
(312, 'EXPEDIEE', NULL, '2024-12-06 08:00:32.250', 7, NULL, '2025-01-23 14:20:36.856'),
(313, 'LIVREE', NULL, '2024-12-10 22:37:41.159', 13, NULL, '2025-01-23 14:20:36.918'),
(314, 'EXPEDIEE', NULL, '2025-01-10 01:32:06.881', 6, NULL, '2025-01-23 14:20:36.992'),
(315, 'LIVREE', NULL, '2025-01-10 14:24:04.435', 12, NULL, '2025-01-23 14:20:37.067'),
(316, 'EXPEDIEE', NULL, '2024-12-07 20:19:45.958', 9, NULL, '2025-01-23 14:20:37.135'),
(317, 'EN_ATTENTE', NULL, '2024-12-18 07:31:01.791', 5, NULL, '2025-01-23 14:20:37.197'),
(318, 'EXPEDIEE', NULL, '2024-12-04 19:05:17.008', 7, NULL, '2025-01-23 14:20:37.261'),
(319, 'ANNULEE', NULL, '2024-11-24 05:36:41.982', 6, NULL, '2025-01-23 14:20:37.323'),
(320, 'LIVREE', NULL, '2025-01-07 13:38:40.202', 11, NULL, '2025-01-23 14:20:37.387'),
(321, 'LIVREE', NULL, '2025-01-12 04:23:15.059', 7, NULL, '2025-01-23 14:20:37.450'),
(322, 'EXPEDIEE', NULL, '2024-12-26 07:49:00.333', 11, NULL, '2025-01-23 14:20:37.514'),
(323, 'EN_PREPARATION', NULL, '2024-12-13 03:45:59.980', 3, NULL, '2025-01-23 14:20:37.575'),
(324, 'EN_PREPARATION', NULL, '2024-12-16 08:09:35.158', 2, NULL, '2025-01-23 14:20:37.638'),
(325, 'LIVREE', NULL, '2024-12-11 20:52:09.900', 10, NULL, '2025-01-23 14:20:37.707'),
(326, 'ANNULEE', NULL, '2024-12-24 23:46:17.239', 13, NULL, '2025-01-23 14:20:37.768'),
(327, 'LIVREE', NULL, '2024-12-07 04:18:50.385', 12, NULL, '2025-01-23 14:20:37.828'),
(328, 'LIVREE', NULL, '2025-01-20 14:04:40.876', 1, NULL, '2025-01-23 14:20:37.888'),
(329, 'EXPEDIEE', NULL, '2024-11-21 13:45:20.961', 14, NULL, '2025-01-23 14:20:37.954'),
(330, 'LIVREE', NULL, '2024-11-17 09:05:27.436', 12, NULL, '2025-01-23 14:20:38.017'),
(331, 'ANNULEE', NULL, '2024-11-24 08:15:02.271', 6, NULL, '2025-01-23 14:20:38.079'),
(332, 'ANNULEE', NULL, '2025-01-03 17:42:18.528', 7, NULL, '2025-01-23 14:20:38.141'),
(333, 'EXPEDIEE', NULL, '2025-01-20 02:33:36.794', 2, NULL, '2025-01-23 14:20:38.208'),
(334, 'EN_ATTENTE', NULL, '2024-11-14 08:18:20.502', 5, NULL, '2025-01-23 14:20:38.273'),
(335, 'EN_PREPARATION', NULL, '2024-12-26 13:57:54.858', 9, NULL, '2025-01-23 14:20:38.335'),
(336, 'LIVREE', NULL, '2025-01-17 05:22:09.190', 8, NULL, '2025-01-23 14:20:38.394'),
(337, 'EN_ATTENTE', NULL, '2025-01-05 01:12:51.907', 1, NULL, '2025-01-23 14:20:38.462'),
(338, 'ANNULEE', NULL, '2024-12-24 16:39:36.485', 1, NULL, '2025-01-23 14:20:38.524'),
(339, 'LIVREE', NULL, '2025-01-22 05:21:22.310', 13, NULL, '2025-01-23 14:20:38.584'),
(340, 'ANNULEE', NULL, '2024-12-20 06:00:24.333', 2, NULL, '2025-01-23 14:20:38.645'),
(341, 'EN_PREPARATION', NULL, '2025-01-11 01:14:39.484', 5, NULL, '2025-01-23 14:20:38.734'),
(342, 'EXPEDIEE', NULL, '2024-12-02 22:43:58.283', 5, NULL, '2025-01-23 14:20:38.802'),
(343, 'ANNULEE', NULL, '2024-11-17 19:08:50.093', 13, NULL, '2025-01-23 14:20:38.864'),
(344, 'EN_ATTENTE', NULL, '2024-11-15 09:01:42.419', 2, NULL, '2025-01-23 14:20:38.923'),
(345, 'EN_PREPARATION', NULL, '2024-11-20 05:55:30.879', 7, NULL, '2025-01-23 14:20:38.984'),
(346, 'EXPEDIEE', NULL, '2025-01-17 21:58:35.951', 7, NULL, '2025-01-23 14:20:39.049'),
(347, 'EN_PREPARATION', NULL, '2024-12-27 03:45:37.077', 10, NULL, '2025-01-23 14:20:39.111'),
(348, 'EN_PREPARATION', NULL, '2025-01-23 00:41:14.932', 12, NULL, '2025-01-23 14:20:39.174'),
(349, 'EXPEDIEE', NULL, '2024-12-21 22:58:33.283', 12, NULL, '2025-01-23 14:20:39.237'),
(350, 'EXPEDIEE', NULL, '2025-01-22 05:26:29.653', 11, NULL, '2025-01-23 14:20:39.320'),
(351, 'ANNULEE', NULL, '2024-11-18 14:35:31.779', 14, NULL, '2025-01-23 14:20:39.398'),
(352, 'ANNULEE', NULL, '2024-12-18 10:44:12.465', 6, NULL, '2025-01-23 14:20:39.475'),
(353, 'EN_PREPARATION', NULL, '2024-12-29 03:25:00.372', 8, NULL, '2025-01-23 14:20:39.539'),
(354, 'LIVREE', NULL, '2024-12-03 13:15:06.523', 9, NULL, '2025-01-23 14:20:39.604'),
(355, 'EN_ATTENTE', NULL, '2024-12-04 17:35:52.751', 9, NULL, '2025-01-23 14:20:39.674'),
(356, 'EN_PREPARATION', NULL, '2024-12-21 21:54:14.177', 4, NULL, '2025-01-23 14:20:39.737'),
(357, 'EN_PREPARATION', NULL, '2025-01-03 14:05:33.847', 5, NULL, '2025-01-23 14:20:39.804'),
(358, 'EN_ATTENTE', NULL, '2025-01-04 23:11:55.337', 5, NULL, '2025-01-23 14:20:39.867'),
(359, 'EN_ATTENTE', NULL, '2024-12-08 01:37:49.714', 4, NULL, '2025-01-23 14:20:39.929'),
(360, 'EN_ATTENTE', NULL, '2025-01-02 23:06:06.461', 4, NULL, '2025-01-23 14:20:40.005'),
(361, 'EN_PREPARATION', NULL, '2024-11-15 23:54:37.427', 9, NULL, '2025-01-23 14:20:40.070'),
(362, 'EXPEDIEE', NULL, '2024-11-16 12:40:05.485', 3, NULL, '2025-01-23 14:20:40.132'),
(363, 'LIVREE', NULL, '2025-01-15 20:24:51.702', 8, NULL, '2025-01-23 14:20:40.193'),
(364, 'LIVREE', NULL, '2024-12-30 08:23:00.492', 7, NULL, '2025-01-23 14:20:40.256'),
(365, 'ANNULEE', NULL, '2024-12-31 01:58:43.178', 1, NULL, '2025-01-23 14:20:40.373'),
(366, 'EN_ATTENTE', NULL, '2024-11-16 00:56:49.493', 3, NULL, '2025-01-23 14:20:40.452'),
(367, 'ANNULEE', NULL, '2024-11-28 17:28:55.080', 7, NULL, '2025-01-23 14:20:40.517'),
(368, 'EN_ATTENTE', NULL, '2024-12-15 04:18:43.096', 12, NULL, '2025-01-23 14:20:40.579'),
(369, 'LIVREE', NULL, '2024-12-19 20:09:18.677', 12, NULL, '2025-01-23 14:20:40.642'),
(370, 'EN_ATTENTE', NULL, '2025-01-15 04:05:50.379', 12, NULL, '2025-01-23 14:20:40.714'),
(371, 'EXPEDIEE', NULL, '2024-11-23 06:10:46.733', 2, NULL, '2025-01-23 14:20:40.775'),
(372, 'EN_ATTENTE', NULL, '2024-12-27 18:54:11.134', 13, NULL, '2025-01-23 14:20:40.833'),
(373, 'ANNULEE', NULL, '2024-11-29 17:33:37.398', 2, NULL, '2025-01-23 14:20:40.894'),
(374, 'LIVREE', NULL, '2024-12-04 20:15:51.418', 2, NULL, '2025-01-23 14:20:40.956'),
(375, 'EN_PREPARATION', NULL, '2025-01-09 16:05:14.959', 4, NULL, '2025-01-23 14:20:41.017'),
(376, 'EN_PREPARATION', NULL, '2024-12-23 16:45:19.900', 3, NULL, '2025-01-23 14:20:41.079'),
(377, 'ANNULEE', NULL, '2025-01-19 22:09:55.470', 6, NULL, '2025-01-23 14:20:41.138'),
(378, 'ANNULEE', NULL, '2024-11-15 05:58:36.225', 11, NULL, '2025-01-23 14:20:41.203'),
(379, 'EN_ATTENTE', NULL, '2024-11-14 22:02:39.331', 12, NULL, '2025-01-23 14:20:41.267'),
(380, 'EN_PREPARATION', NULL, '2024-12-26 20:36:52.034', 7, NULL, '2025-01-23 14:20:41.326'),
(381, 'EXPEDIEE', NULL, '2024-12-16 14:36:31.164', 14, NULL, '2025-01-23 14:20:41.387'),
(382, 'EN_ATTENTE', NULL, '2024-11-27 19:04:31.946', 8, NULL, '2025-01-23 14:20:41.451'),
(383, 'EXPEDIEE', NULL, '2025-01-04 21:26:37.273', 13, NULL, '2025-01-23 14:20:41.583'),
(384, 'LIVREE', NULL, '2024-12-04 01:27:09.503', 8, NULL, '2025-01-23 14:20:41.662'),
(385, 'EN_PREPARATION', NULL, '2024-12-01 02:35:08.453', 3, NULL, '2025-01-23 14:20:41.727'),
(386, 'EN_ATTENTE', NULL, '2025-01-09 01:39:54.733', 14, NULL, '2025-01-23 14:20:41.794'),
(387, 'EXPEDIEE', NULL, '2025-01-15 06:56:54.762', 2, NULL, '2025-01-23 14:20:41.866'),
(388, 'ANNULEE', NULL, '2024-12-21 10:56:13.307', 11, NULL, '2025-01-23 14:20:41.934'),
(389, 'EXPEDIEE', NULL, '2024-12-08 23:40:58.440', 10, NULL, '2025-01-23 14:20:41.998'),
(390, 'LIVREE', NULL, '2024-11-22 12:30:26.451', 14, NULL, '2025-01-23 14:20:42.066'),
(391, 'EXPEDIEE', NULL, '2024-12-23 19:03:13.405', 4, NULL, '2025-01-23 14:20:42.135'),
(392, 'EN_ATTENTE', NULL, '2024-12-15 00:03:03.584', 3, NULL, '2025-01-23 14:20:42.202'),
(393, 'EN_ATTENTE', NULL, '2025-01-15 01:53:40.720', 2, NULL, '2025-01-23 14:20:42.268'),
(394, 'ANNULEE', NULL, '2025-01-04 23:45:22.448', 9, NULL, '2025-01-23 14:20:42.333'),
(395, 'EXPEDIEE', NULL, '2025-01-21 21:09:21.234', 13, NULL, '2025-01-23 14:20:42.400'),
(396, 'LIVREE', NULL, '2025-01-20 11:56:26.373', 10, NULL, '2025-01-23 14:20:42.471'),
(397, 'EN_PREPARATION', NULL, '2024-12-14 03:20:31.029', 8, NULL, '2025-01-23 14:20:42.540'),
(398, 'EN_ATTENTE', NULL, '2024-12-17 16:50:30.668', 6, NULL, '2025-01-23 14:20:42.605'),
(399, 'EN_ATTENTE', NULL, '2024-11-21 17:12:05.405', 7, NULL, '2025-01-23 14:20:42.674'),
(400, 'EXPEDIEE', NULL, '2025-01-06 20:35:06.592', 14, NULL, '2025-01-23 14:20:42.740'),
(401, 'LIVREE', NULL, '2025-01-12 20:48:10.891', 6, NULL, '2025-01-23 14:20:42.815'),
(402, 'EN_PREPARATION', NULL, '2025-01-17 20:16:54.697', 3, NULL, '2025-01-23 14:20:42.879'),
(403, 'EN_ATTENTE', NULL, '2024-12-27 11:45:54.639', 12, NULL, '2025-01-23 14:20:42.959'),
(404, 'EN_PREPARATION', NULL, '2024-12-15 19:37:56.666', 2, NULL, '2025-01-23 14:20:43.030'),
(405, 'EXPEDIEE', NULL, '2024-11-18 17:19:16.825', 12, NULL, '2025-01-23 14:20:43.105'),
(406, 'LIVREE', NULL, '2024-12-22 00:20:14.455', 12, NULL, '2025-01-23 14:20:43.175'),
(407, 'EXPEDIEE', NULL, '2024-12-02 12:48:40.355', 13, NULL, '2025-01-23 14:20:43.246'),
(408, 'EN_ATTENTE', NULL, '2024-12-06 18:47:13.265', 5, NULL, '2025-01-23 14:20:43.311'),
(409, 'EN_PREPARATION', NULL, '2025-01-10 06:08:23.985', 14, NULL, '2025-01-23 14:20:43.375'),
(410, 'EN_PREPARATION', NULL, '2024-12-20 04:33:27.021', 14, NULL, '2025-01-23 14:20:43.440'),
(411, 'EN_ATTENTE', NULL, '2025-01-16 05:34:12.164', 13, NULL, '2025-01-23 14:20:43.502'),
(412, 'EN_ATTENTE', NULL, '2025-01-11 19:55:14.186', 4, NULL, '2025-01-23 14:20:43.570'),
(413, 'ANNULEE', NULL, '2025-01-07 06:10:18.331', 5, NULL, '2025-01-23 14:20:43.638'),
(414, 'EN_PREPARATION', NULL, '2024-11-30 12:59:09.978', 3, NULL, '2025-01-23 14:20:43.735'),
(415, 'LIVREE', NULL, '2025-01-08 19:07:45.572', 4, NULL, '2025-01-23 14:20:43.814'),
(416, 'EN_ATTENTE', NULL, '2025-01-17 13:08:17.760', 11, NULL, '2025-01-23 14:20:43.901'),
(417, 'EN_ATTENTE', NULL, '2025-01-18 16:53:02.852', 8, NULL, '2025-01-23 14:20:43.983'),
(418, 'EN_ATTENTE', NULL, '2024-12-13 11:26:12.302', 7, NULL, '2025-01-23 14:20:44.066'),
(419, 'ANNULEE', NULL, '2024-12-22 04:18:11.568', 5, NULL, '2025-01-23 14:20:44.156'),
(420, 'EN_ATTENTE', NULL, '2024-12-14 03:26:26.556', 14, NULL, '2025-01-23 14:20:44.241'),
(421, 'EXPEDIEE', NULL, '2024-11-15 13:58:30.935', 9, NULL, '2025-01-23 14:20:44.326'),
(422, 'EXPEDIEE', NULL, '2025-01-03 02:16:56.093', 10, NULL, '2025-01-23 14:20:44.408'),
(423, 'ANNULEE', NULL, '2024-11-27 21:23:39.304', 7, NULL, '2025-01-23 14:20:44.490'),
(424, 'ANNULEE', NULL, '2025-01-12 22:00:41.850', 7, NULL, '2025-01-23 14:20:44.577'),
(425, 'EXPEDIEE', NULL, '2024-11-17 21:45:20.042', 2, NULL, '2025-01-23 14:20:44.673'),
(426, 'LIVREE', NULL, '2024-12-19 13:12:12.260', 11, NULL, '2025-01-23 14:20:44.754'),
(427, 'ANNULEE', NULL, '2024-12-12 03:44:01.083', 6, NULL, '2025-01-23 14:20:44.837'),
(428, 'ANNULEE', NULL, '2025-01-18 01:52:41.582', 12, NULL, '2025-01-23 14:20:44.926'),
(429, 'LIVREE', NULL, '2024-11-17 19:01:17.746', 9, NULL, '2025-01-23 14:20:45.011'),
(430, 'EN_PREPARATION', NULL, '2024-12-03 09:29:48.550', 3, NULL, '2025-01-23 14:20:45.100'),
(431, 'LIVREE', NULL, '2024-12-04 14:55:28.841', 1, NULL, '2025-01-23 14:20:45.180'),
(432, 'EXPEDIEE', NULL, '2024-12-18 17:17:32.833', 8, NULL, '2025-01-23 14:20:45.267'),
(433, 'LIVREE', NULL, '2025-01-12 23:04:20.181', 11, NULL, '2025-01-23 14:20:45.353'),
(434, 'EN_PREPARATION', NULL, '2025-01-10 19:45:46.461', 11, NULL, '2025-01-23 14:20:45.438'),
(435, 'LIVREE', NULL, '2025-01-14 14:10:53.454', 9, NULL, '2025-01-23 14:20:45.518'),
(436, 'EN_PREPARATION', NULL, '2025-01-22 17:19:14.610', 4, NULL, '2025-01-23 14:20:45.599'),
(437, 'EN_PREPARATION', NULL, '2025-01-11 06:24:22.575', 12, NULL, '2025-01-23 14:20:45.690'),
(438, 'EN_ATTENTE', NULL, '2025-01-08 15:10:30.381', 11, NULL, '2025-01-23 14:20:45.768'),
(439, 'EN_PREPARATION', NULL, '2025-01-19 16:44:28.798', 9, NULL, '2025-01-23 14:20:45.862'),
(440, 'EN_PREPARATION', NULL, '2024-11-16 15:04:57.990', 1, NULL, '2025-01-23 14:20:45.959'),
(441, 'EN_PREPARATION', NULL, '2025-01-03 19:27:19.477', 1, NULL, '2025-01-23 14:20:46.072'),
(442, 'EXPEDIEE', NULL, '2024-12-06 03:04:46.604', 7, NULL, '2025-01-23 14:20:46.155'),
(443, 'EN_ATTENTE', NULL, '2025-01-23 10:06:38.539', 8, NULL, '2025-01-23 14:20:46.251'),
(444, 'EN_ATTENTE', NULL, '2024-11-18 11:04:28.104', 6, NULL, '2025-01-23 14:20:46.332'),
(445, 'EN_PREPARATION', NULL, '2025-01-22 20:27:11.395', 10, NULL, '2025-01-23 14:20:46.417'),
(446, 'LIVREE', NULL, '2024-12-11 08:56:28.766', 2, NULL, '2025-01-23 14:20:46.497'),
(447, 'ANNULEE', NULL, '2024-12-14 16:04:14.971', 1, NULL, '2025-01-23 14:20:46.577'),
(448, 'EN_ATTENTE', NULL, '2025-01-14 17:48:19.523', 13, NULL, '2025-01-23 14:20:46.688'),
(449, 'EN_PREPARATION', NULL, '2025-01-23 10:36:19.423', 5, NULL, '2025-01-23 14:20:46.770'),
(450, 'EXPEDIEE', NULL, '2024-11-20 19:46:54.788', 11, NULL, '2025-01-23 14:20:46.856'),
(451, 'EN_PREPARATION', NULL, '2024-11-28 16:57:23.217', 12, NULL, '2025-01-23 14:20:46.937'),
(452, 'EN_ATTENTE', NULL, '2024-12-29 14:40:46.612', 2, NULL, '2025-01-23 14:20:47.016'),
(453, 'EXPEDIEE', NULL, '2025-01-12 13:50:28.489', 1, NULL, '2025-01-23 14:20:47.096'),
(454, 'LIVREE', NULL, '2025-01-10 18:48:58.619', 6, NULL, '2025-01-23 14:20:47.180'),
(455, 'EN_PREPARATION', NULL, '2024-12-04 04:19:07.322', 7, NULL, '2025-01-23 14:20:47.260'),
(456, 'EN_PREPARATION', NULL, '2024-11-19 10:39:37.788', 3, NULL, '2025-01-23 14:20:47.351'),
(457, 'ANNULEE', NULL, '2024-12-10 00:53:16.308', 8, NULL, '2025-01-23 14:20:47.432'),
(458, 'EN_PREPARATION', NULL, '2024-12-31 13:43:52.369', 10, NULL, '2025-01-23 14:20:47.517'),
(459, 'EXPEDIEE', NULL, '2024-12-04 15:42:09.521', 10, NULL, '2025-01-23 14:20:47.600'),
(460, 'EXPEDIEE', NULL, '2025-01-16 20:46:25.665', 1, NULL, '2025-01-23 14:20:47.689'),
(461, 'ANNULEE', NULL, '2025-01-05 15:17:50.449', 4, NULL, '2025-01-23 14:20:47.788'),
(462, 'EN_PREPARATION', NULL, '2025-01-09 12:20:49.637', 2, NULL, '2025-01-23 14:20:47.875'),
(463, 'EN_ATTENTE', NULL, '2025-01-23 04:37:35.458', 2, NULL, '2025-01-23 14:20:47.955'),
(464, 'LIVREE', NULL, '2024-11-16 23:21:46.668', 7, NULL, '2025-01-23 14:20:48.041'),
(465, 'EXPEDIEE', NULL, '2025-01-11 17:46:55.985', 8, NULL, '2025-01-23 14:20:48.122'),
(466, 'ANNULEE', NULL, '2024-12-10 16:36:09.523', 3, NULL, '2025-01-23 14:20:48.227'),
(467, 'EXPEDIEE', NULL, '2024-11-29 11:02:55.206', 11, NULL, '2025-01-23 14:20:48.312'),
(468, 'LIVREE', NULL, '2024-12-11 19:59:48.192', 11, NULL, '2025-01-23 14:20:48.409'),
(469, 'ANNULEE', NULL, '2025-01-05 10:09:43.434', 12, NULL, '2025-01-23 14:20:48.508'),
(470, 'EN_PREPARATION', NULL, '2025-01-11 14:16:21.325', 11, NULL, '2025-01-23 14:20:48.599'),
(471, 'EN_ATTENTE', NULL, '2024-12-25 10:39:13.092', 12, NULL, '2025-01-23 14:20:48.701'),
(472, 'EN_ATTENTE', NULL, '2025-01-06 07:44:33.798', 2, NULL, '2025-01-23 14:20:48.787'),
(473, 'EN_ATTENTE', NULL, '2025-01-18 12:10:20.988', 2, NULL, '2025-01-23 14:20:48.868'),
(474, 'LIVREE', NULL, '2025-01-04 06:21:02.905', 8, NULL, '2025-01-23 14:20:48.970'),
(475, 'EXPEDIEE', NULL, '2025-01-15 05:08:19.486', 9, NULL, '2025-01-23 14:20:49.067'),
(476, 'EXPEDIEE', NULL, '2024-12-01 03:17:40.443', 13, NULL, '2025-01-23 14:20:49.148'),
(477, 'LIVREE', NULL, '2024-12-02 08:53:43.455', 8, NULL, '2025-01-23 14:20:49.237'),
(478, 'EN_PREPARATION', NULL, '2025-01-06 04:50:48.452', 3, NULL, '2025-01-23 14:20:49.318'),
(479, 'EXPEDIEE', NULL, '2024-12-03 11:11:39.395', 11, NULL, '2025-01-23 14:20:49.470'),
(480, 'EN_ATTENTE', NULL, '2025-01-01 22:17:42.216', 5, NULL, '2025-01-23 14:20:49.556'),
(481, 'ANNULEE', NULL, '2025-01-01 20:50:14.179', 6, NULL, '2025-01-23 14:20:49.641'),
(482, 'EN_PREPARATION', NULL, '2024-12-28 21:27:00.867', 2, NULL, '2025-01-23 14:20:49.733'),
(483, 'LIVREE', NULL, '2024-11-29 21:45:33.152', 13, NULL, '2025-01-23 14:20:49.856'),
(484, 'ANNULEE', NULL, '2024-11-22 14:47:36.236', 9, NULL, '2025-01-23 14:20:49.946'),
(485, 'EXPEDIEE', NULL, '2025-01-02 08:53:48.300', 1, NULL, '2025-01-23 14:20:50.040'),
(486, 'EN_ATTENTE', NULL, '2025-01-10 10:43:53.065', 5, NULL, '2025-01-23 14:20:50.121'),
(487, 'EN_ATTENTE', NULL, '2025-01-05 02:59:07.844', 10, NULL, '2025-01-23 14:20:50.208'),
(488, 'EN_ATTENTE', NULL, '2024-12-23 00:53:49.906', 1, NULL, '2025-01-23 14:20:50.294'),
(489, 'LIVREE', NULL, '2025-01-18 03:54:44.419', 10, NULL, '2025-01-23 14:20:50.375'),
(490, 'EN_PREPARATION', NULL, '2024-12-26 14:35:42.345', 10, NULL, '2025-01-23 14:20:50.459'),
(491, 'EXPEDIEE', NULL, '2025-01-09 12:07:55.756', 13, NULL, '2025-01-23 14:20:50.538'),
(492, 'ANNULEE', NULL, '2024-12-05 22:27:21.271', 5, NULL, '2025-01-23 14:20:50.620'),
(493, 'EN_ATTENTE', NULL, '2024-11-30 04:09:55.602', 1, NULL, '2025-01-23 14:20:50.719'),
(494, 'EXPEDIEE', NULL, '2025-01-01 09:01:45.847', 10, NULL, '2025-01-23 14:20:50.827'),
(495, 'LIVREE', NULL, '2025-01-15 03:22:17.870', 5, NULL, '2025-01-23 14:20:50.906'),
(496, 'EXPEDIEE', NULL, '2024-11-30 01:41:24.872', 8, NULL, '2025-01-23 14:20:50.988'),
(497, 'LIVREE', NULL, '2024-11-17 15:56:50.233', 8, NULL, '2025-01-23 14:20:51.076'),
(498, 'EN_ATTENTE', NULL, '2025-01-13 09:26:53.205', 7, NULL, '2025-01-23 14:20:51.160'),
(499, 'EN_ATTENTE', NULL, '2024-12-11 09:26:47.816', 12, NULL, '2025-01-23 14:20:51.243'),
(500, 'LIVREE', NULL, '2024-12-08 22:43:00.662', 6, NULL, '2025-01-23 14:20:51.325'),
(501, 'EN_ATTENTE', 'PAY123456', '2025-01-23 17:15:50.333', 1, NULL, '2025-01-23 17:15:50.333'),
(502, 'EN_ATTENTE', 'PAY123456', '2025-01-23 17:20:29.804', 1, NULL, '2025-01-23 17:20:29.804'),
(503, 'EN_ATTENTE', 'bfc6f2763122987132449dfb532b4536', '2025-01-23 19:04:03.292', 1, NULL, '2025-01-23 19:04:03.292'),
(504, 'EN_ATTENTE', 'a3198030149eb3aad5b9afe21c763cc0', '2025-01-23 22:06:22.781', 1, NULL, '2025-01-23 22:06:22.781'),
(505, 'EN_ATTENTE', '3f2fe3fa4cd99618eb01cb6e5a8d3653', '2025-01-27 15:23:48.596', 1, NULL, '2025-01-27 15:23:48.596'),
(506, 'EN_ATTENTE', 'e82963c73a9175cba3bc3752b722b34a', '2025-01-27 16:17:08.033', 1, NULL, '2025-01-27 16:17:08.033'),
(507, 'EN_ATTENTE', '3a7fa122506bbf007870c906b6276b2b', '2025-01-28 09:35:00.164', 1, NULL, '2025-01-28 09:35:00.164'),
(508, 'EN_ATTENTE', '84f9338d4aa460decd4b7e00fcea576b', '2025-01-28 09:44:54.065', 1, NULL, '2025-01-28 09:44:54.065'),
(509, 'EN_ATTENTE', 'c457329efe1b4dc6e272e542755d29da', '2025-01-28 09:45:19.184', 1, NULL, '2025-01-28 09:45:19.184'),
(510, 'EN_ATTENTE', 'a2d900c001a2a2d2bc9e620d00daf0f8', '2025-01-28 10:02:12.518', 15, NULL, '2025-01-28 10:02:12.518'),
(511, 'EXPEDIEE', '84f2c3d338350ed6d0219d8950d67333', '2025-01-28 10:02:42.951', 15, NULL, '2025-01-28 10:26:48.793'),
(512, 'EN_ATTENTE', '0da2f008cbb474929c4fadda61b51bb8', '2025-02-03 22:56:38.157', 15, NULL, '2025-02-03 22:56:38.157'),
(513, 'EN_ATTENTE', 'e320111768a866a5818031a7afc23d34', '2025-02-03 23:19:34.130', 15, NULL, '2025-02-03 23:19:34.130'),
(514, 'EN_ATTENTE', '482c0e0435327ff325220d98625f5760', '2025-02-04 14:03:47.235', 15, NULL, '2025-02-04 14:03:47.235'),
(515, 'EN_ATTENTE', '6a4a7bb7b627a5186667722d927b706a', '2025-02-04 14:11:05.217', 15, NULL, '2025-02-04 14:11:05.217'),
(516, 'EN_ATTENTE', '86b43ebff8a98a1c9d28f4721af4fe29', '2025-02-04 14:18:39.561', 15, NULL, '2025-02-04 14:18:39.561'),
(517, 'EN_ATTENTE', '7d4c93d58d20d009a92082d063c53dee', '2025-02-04 14:24:58.733', 15, NULL, '2025-02-04 14:24:58.733'),
(518, 'EN_ATTENTE', 'a5e2d2d0824ea82199c2f667e63c4cde', '2025-02-04 15:51:01.675', 15, NULL, '2025-02-04 15:51:01.675'),
(519, 'EN_ATTENTE', 'a70206327001d96016b3aebb958a1bc1', '2025-02-04 16:01:00.238', 15, NULL, '2025-02-04 16:01:00.238'),
(520, 'EN_ATTENTE', '073d55b26a82195fad85f77da4491c33', '2025-02-04 16:38:24.673', 15, NULL, '2025-02-04 16:38:24.673'),
(521, 'EN_ATTENTE', 'c3759909dc2349b1c8f2fe71a1962989', '2025-02-04 16:44:23.816', 15, NULL, '2025-02-04 16:44:23.816'),
(522, 'EN_ATTENTE', '29226fdd6a01ad496f3020cc48c57281', '2025-02-04 16:52:04.620', 15, NULL, '2025-02-04 16:52:04.620'),
(523, 'EN_ATTENTE', '61ecbbec93d22b2f532863e71c9ff792', '2025-02-04 16:57:15.535', 15, NULL, '2025-02-04 16:57:15.535'),
(524, 'EN_ATTENTE', 'ff2d9addbbb2b92014fe57076f124c0f', '2025-02-04 17:02:36.203', 15, NULL, '2025-02-04 17:02:36.203'),
(525, 'EN_ATTENTE', '8e865a8a3adb963e6b7c3a4fa1b40046', '2025-02-04 18:22:41.659', 15, NULL, '2025-02-04 18:22:41.659'),
(526, 'EN_ATTENTE', '5134d0aac70fbfe709067ec0a8840f12', '2025-02-04 21:37:54.915', 15, NULL, '2025-02-04 21:37:54.915'),
(527, 'EN_ATTENTE', 'd331e2a9bf1a0d065fc8a9e0b06f211d', '2025-02-04 21:58:58.042', 15, NULL, '2025-02-04 21:58:58.042'),
(528, 'EN_ATTENTE', 'cd64b927cf1fa64f52e4794c62049fd6', '2025-02-04 21:59:21.409', 15, NULL, '2025-02-04 21:59:21.409');

-- --------------------------------------------------------

--
-- Structure de la table `Image`
--

CREATE TABLE `Image` (
  `id` int NOT NULL,
  `path` varchar(191) COLLATE utf8mb4_unicode_ci NOT NULL
) ENGINE=InnoDB DEFAULT CHARSET=utf8mb4 COLLATE=utf8mb4_unicode_ci;

--
-- Déchargement des données de la table `Image`
--

INSERT INTO `Image` (`id`, `path`) VALUES
(1, '/img/category/produits-regionaux-et-locaux.webp'),
(2, '/img/category/fruits-de-nos-regions.webp'),
(3, '/img/product/pommes-de-normandie.webp'),
(4, '/img/product/poires-du-limousin.webp'),
(5, '/img/product/pruneaux-dagen.webp'),
(6, '/img/product/cerises-de-provence.webp'),
(7, '/img/product/chataignes-dardeche.webp'),
(8, '/img/category/fromages-de-nos-regions.webp'),
(9, '/img/product/camembert-de-normandie-aop.webp'),
(10, '/img/product/roquefort-aop.webp'),
(11, '/img/product/comte-18-mois.webp'),
(12, '/img/product/reblochon-de-savoie.webp'),
(13, '/img/product/chevre-frais-du-poitou.webp'),
(14, '/img/category/charcuteries-regionales.webp'),
(15, '/img/product/saucisson-sec-dauvergne.webp'),
(16, '/img/product/jambon-de-bayonne-igp.webp'),
(17, '/img/product/rillettes-du-mans.webp'),
(18, '/img/product/andouille-de-guemene.webp'),
(19, '/img/product/pate-basque.webp'),
(20, '/img/category/vins-regionaux.webp'),
(21, '/img/product/bordeaux-superieur.webp'),
(22, '/img/product/sancerre-blanc.webp'),
(23, '/img/product/chablis.webp'),
(24, '/img/product/cotes-du-rhone.webp'),
(25, '/img/product/rose-de-provence.webp'),
(26, '/img/category/epicerie-fine-regionale.webp'),
(27, '/img/product/miel-de-lavande-de-provence.webp'),
(28, '/img/product/confiture-de-mirabelles-de-lorraine.webp'),
(29, '/img/product/huile-dolive-de-nyons.webp'),
(30, '/img/product/piment-despelette-aop.webp'),
(31, '/img/product/sel-de-guerande.webp'),
(32, '/img/category/marche-frais.webp'),
(33, '/img/category/fruits-et-legumes.webp'),
(34, '/img/product/pommes-bio.webp'),
(35, '/img/product/carottes-de-saison.webp'),
(36, '/img/product/salade-verte-bio.webp'),
(37, '/img/product/tomates-cur-de-buf.webp'),
(38, '/img/product/poivrons-tricolores.webp'),
(39, '/img/product/champignons-de-paris.webp'),
(40, '/img/category/viandes-et-poissons.webp'),
(41, '/img/product/poulet-fermier.webp'),
(42, '/img/product/saumon-atlantique.webp'),
(43, '/img/product/cote-de-buf.webp'),
(44, '/img/product/darnes-de-thon.webp'),
(45, '/img/product/agneau-bio.webp'),
(46, '/img/category/cremerie-et-produits-laitiers.webp'),
(47, '/img/product/lait-demi-ecreme.webp'),
(48, '/img/product/yaourt-nature-bio.webp'),
(49, '/img/product/creme-fraiche-epaisse.webp'),
(50, '/img/product/beurre-demi-sel.webp'),
(51, '/img/product/fromage-blanc-fermier.webp'),
(52, '/img/category/charcuterie-et-traiteur.webp'),
(53, '/img/product/jambon-de-pays.webp'),
(54, '/img/product/terrine-de-campagne.webp'),
(55, '/img/product/saucisse-seche-artisanale.webp'),
(56, '/img/product/quiche-lorraine.webp'),
(57, '/img/product/salade-de-lentilles-et-saumon-fume.webp'),
(58, '/img/category/bio-et-ecologie.webp'),
(59, '/img/category/fruits-et-legumes-bio.webp'),
(60, '/img/product/carottes-bio.webp'),
(61, '/img/product/tomates-bio.webp'),
(62, '/img/product/pommes-de-terre-bio.webp'),
(63, '/img/product/courgettes-bio.webp'),
(64, '/img/product/poires-bio.webp'),
(65, '/img/category/viandes-bio.webp'),
(66, '/img/product/poulet-bio.webp'),
(67, '/img/product/buf-bio.webp'),
(69, '/img/product/saucisses-bio.webp'),
(70, '/img/category/produits-laitiers-bio.webp'),
(71, '/img/product/lait-bio.webp'),
(73, '/img/product/creme-fraiche-bio.webp'),
(74, '/img/product/beurre-bio.webp'),
(75, '/img/product/fromage-de-chevre-bio.webp'),
(76, '/img/category/boissons-bio.webp'),
(77, '/img/product/jus-de-pomme-bio.webp'),
(78, '/img/product/the-vert-bio.webp'),
(79, '/img/product/cafe-bio-en-grains.webp'),
(80, '/img/product/jus-dorange-bio.webp'),
(81, '/img/product/smoothie-bio-aux-fruits-rouges.webp'),
(82, '/img/category/epicerie-salee.webp'),
(83, '/img/category/pates-riz-et-feculents.webp'),
(84, '/img/product/spaghetti-bio.webp'),
(85, '/img/product/riz-basmati.webp'),
(86, '/img/product/penne-rigate.webp'),
(87, '/img/product/riz-complet.webp'),
(88, '/img/product/couscous.webp'),
(89, '/img/category/sauces-et-condiments.webp'),
(90, '/img/product/sauce-tomate-bio.webp'),
(91, '/img/product/vinaigre-balsamique.webp'),
(92, '/img/product/huile-dolive-bio.webp'),
(93, '/img/product/moutarde-de-dijon.webp'),
(94, '/img/category/epices-et-herbes.webp'),
(95, '/img/product/sel-de-mer.webp'),
(96, '/img/product/poivre-noir.webp'),
(97, '/img/product/paprika-fume.webp'),
(98, '/img/product/herbes-de-provence.webp'),
(99, '/img/category/produits-en-conserve.webp'),
(100, '/img/product/tomates-concassees.webp'),
(101, '/img/product/pois-chiches.webp'),
(102, '/img/product/mais-en-conserve.webp'),
(103, '/img/product/thon-a-lhuile.webp'),
(104, '/img/category/pains-et-patisseries.webp'),
(105, '/img/category/pains.webp'),
(106, '/img/product/baguette-tradition.webp'),
(107, '/img/product/pain-complet.webp'),
(108, '/img/product/pain-de-campagne.webp'),
(109, '/img/product/pain-aux-noix.webp'),
(110, '/img/product/pain-multigrains.webp'),
(111, '/img/category/viennoiseries.webp'),
(112, '/img/product/croissant-au-beurre.webp'),
(113, '/img/product/pain-au-chocolat.webp'),
(114, '/img/product/chausson-aux-pommes.webp'),
(115, '/img/product/brioche-tressee.webp'),
(116, '/img/product/pain-aux-raisins.webp'),
(117, '/img/category/patisseries.webp'),
(118, '/img/product/eclair-au-chocolat.webp'),
(119, '/img/product/tarte-aux-fraises.webp'),
(120, '/img/product/millefeuille.webp'),
(121, '/img/product/tartelette-citron-meringuee.webp'),
(122, '/img/product/macaron-framboise.webp'),
(123, '/img/category/maison-et-hygiene.webp'),
(124, '/img/category/entretien-de-la-maison.webp'),
(125, '/img/product/liquide-vaisselle-ecologique.webp'),
(126, '/img/product/lessive-en-poudre.webp'),
(127, '/img/product/nettoyant-multi-surfaces.webp'),
(128, '/img/product/desodorisant-naturel.webp'),
(129, '/img/product/eponges-compostables.webp'),
(130, '/img/category/hygiene-personnelle.webp'),
(131, '/img/product/gel-douche-bio.webp'),
(132, '/img/product/shampoing-solide.webp'),
(133, '/img/product/savon-de-marseille.webp'),
(134, '/img/product/brosse-a-dents-en-bambou.webp'),
(135, '/img/product/deodorant-naturel.webp'),
(136, '/img/category/produits-ecologiques.webp'),
(137, '/img/product/lessive-liquide-eco-responsable.webp'),
(138, '/img/product/produit-vaisselle-rechargeable.webp'),
(139, '/img/product/nettoyant-sols-naturel.webp'),
(140, '/img/product/recharge-de-savon-liquide.webp'),
(141, '/img/product/bicarbonate-de-soude.webp'),
(142, '/img/category/accessoires-et-materiel.webp'),
(143, '/img/product/balai-microfibre.webp'),
(144, '/img/product/gants-menagers-ecologiques.webp'),
(145, '/img/product/seau-pliable.webp'),
(146, '/img/product/lavettes-reutilisables.webp'),
(147, '/img/product/brosse-wc-en-bambou.webp'),
(148, '/img/category/mode-bijoux-bagagerie.webp'),
(149, '/img/category/vetements-femme.webp'),
(150, '/img/product/robe-dete-fleurie.webp'),
(151, '/img/product/jean-slim-taille-haute.webp'),
(152, '/img/product/pull-en-cachemire.webp'),
(153, '/img/category/bijoux-fantaisie.webp'),
(154, '/img/product/bracelet-en-perles.webp'),
(155, '/img/product/collier-pendentif-coeur.webp'),
(156, '/img/product/boucles-doreilles-creoles.webp'),
(157, '/img/category/sacs-a-main.webp'),
(158, '/img/product/sac-bandouliere-en-cuir.webp'),
(159, '/img/product/pochette-de-soiree.webp'),
(160, '/img/product/sac-cabas-en-toile.webp'),
(161, '/img/category/montres.webp'),
(162, '/img/product/montre-classique-en-acier.webp'),
(163, '/img/product/montre-connectee-sport.webp'),
(164, '/img/product/montre-cuir-vintage.webp'),
(165, '/img/category/valises-et-bagages.webp'),
(166, '/img/product/valise-rigide-cabine.webp'),
(167, '/img/product/sac-de-voyage-weekender.webp'),
(168, '/img/product/set-de-valises.webp');

-- --------------------------------------------------------

--
-- Structure de la table `Ingredient`
--

CREATE TABLE `Ingredient` (
  `id` int NOT NULL,
  `name` varchar(191) COLLATE utf8mb4_unicode_ci NOT NULL,
  `description` text COLLATE utf8mb4_unicode_ci NOT NULL,
  `prix` double NOT NULL,
  `categorie` varchar(191) COLLATE utf8mb4_unicode_ci NOT NULL,
  `createdAt` datetime(3) NOT NULL DEFAULT CURRENT_TIMESTAMP(3),
  `updatedAt` datetime(3) NOT NULL
) ENGINE=InnoDB DEFAULT CHARSET=utf8mb4 COLLATE=utf8mb4_unicode_ci;

-- --------------------------------------------------------

--
-- Structure de la table `Livraison`
--

CREATE TABLE `Livraison` (
  `id` int NOT NULL,
  `adresse` varchar(191) COLLATE utf8mb4_unicode_ci NOT NULL,
  `ville` varchar(191) COLLATE utf8mb4_unicode_ci NOT NULL,
  `codePostal` varchar(191) COLLATE utf8mb4_unicode_ci NOT NULL,
  `pays` varchar(191) COLLATE utf8mb4_unicode_ci NOT NULL,
  `fk_userId` int DEFAULT NULL,
  `fk_commande` int DEFAULT NULL,
  `fk_panier` int DEFAULT NULL
) ENGINE=InnoDB DEFAULT CHARSET=utf8mb4 COLLATE=utf8mb4_unicode_ci;

--
-- Déchargement des données de la table `Livraison`
--

INSERT INTO `Livraison` (`id`, `adresse`, `ville`, `codePostal`, `pays`, `fk_userId`, `fk_commande`, `fk_panier`) VALUES
(1, '427 Vicarage Close', 'Rolfsonside', '46635-6476', 'South Sudan', 1, NULL, NULL),
(2, '97313 Daugherty Coves', 'Stokesfield', '93353', 'Nicaragua', 2, NULL, NULL),
(3, '8917 N High Street', 'Rodriguezfield', '95401-6685', 'Tanzania', 3, NULL, NULL),
(4, '76506 Selina Lake', 'Broomfield', '27252-9403', 'Madagascar', 4, NULL, NULL),
(5, '57804 Quarry Lane', 'Gulgowskiburgh', '66823-7362', 'Armenia', 5, NULL, NULL),
(6, '8009 Cliff Road', 'South Sandrine', '55386-5741', 'Christmas Island', 6, NULL, NULL),
(7, '222 Broadway Avenue', 'Portsmouth', '41708-5211', 'Benin', 7, NULL, NULL),
(8, '706 Marian Glens', 'Greenfort', '22367', 'Uruguay', 8, NULL, NULL),
(9, '84201 Micheal Pines', 'South Bufordburgh', '52549', 'Japan', 9, NULL, NULL),
(10, '95148 6th Avenue', 'North Horacio', '84908', 'Sierra Leone', 10, NULL, NULL),
(11, '28056 Main Avenue', 'Loyalmouth', '63395-9231', 'Chad', 10, 1, NULL),
(12, '1731 Kemmer Ridges', 'South Josianne', '12871-3924', 'South Georgia and the South Sandwich Islands', 9, 2, NULL),
(13, '3224 E 5th Street', 'East Torrance', '88076-5739', 'Maldives', 6, 3, NULL),
(14, '7237 Edward Street', 'New Normachester', '44610', 'Mongolia', 6, 4, NULL),
(15, '4968 Birch Grove', 'New Linwood', '97926', 'Nicaragua', 1, 5, NULL),
(16, '58596 N College Street', 'Lake Alexzander', '83902-2580', 'Fiji', 7, 6, NULL),
(17, '12623 Bradford Alley', 'Pompano Beach', '58238', 'Micronesia', 8, 7, NULL),
(18, '920 Hamill Parks', 'Fort Martinahaven', '11860-6330', 'Cote d\'Ivoire', 10, 8, NULL),
(19, '94266 Lueilwitz Island', 'New Braunfels', '13329', 'Saint Martin', 2, 9, NULL),
(20, '25043 Erdman Turnpike', 'Fritschfort', '56470-7276', 'Russian Federation', 1, 10, NULL),
(21, '61069 Selina Junctions', 'East Giovanniview', '91554-4127', 'Saudi Arabia', 7, 11, NULL),
(22, '43459 Castle Street', 'Fort Jovanville', '14289-3606', 'Colombia', 10, 12, NULL),
(23, '23556 Highfield Avenue', 'Lake D\'angelo', '81758', 'Ghana', 2, 13, NULL),
(24, '83902 Tremblay Spur', 'Steuberbury', '55009', 'Yemen', 2, 14, NULL),
(25, '282 Koss Highway', 'New Destin', '82441-5173', 'Myanmar', 9, 15, NULL),
(26, '234 Woodlands Road', 'Coltenborough', '68734', 'Maldives', 14, 16, NULL),
(27, '65757 Josh Extension', 'Ankeny', '59218-9046', 'Albania', 11, 17, NULL),
(28, '6134 Mozell Extensions', 'Port Mafalda', '06621-8705', 'Wallis and Futuna', 3, 18, NULL),
(29, '3881 Bashirian Ranch', 'Merlberg', '77809', 'Togo', 10, 19, NULL),
(30, '59578 Ritchie Brooks', 'Monteport', '29971', 'Svalbard & Jan Mayen Islands', 7, 20, NULL),
(31, '1853 Kunde Walks', 'Lavernechester', '87643-8232', 'Uruguay', 10, 21, NULL),
(32, '74046 E Park Avenue', 'Urbana', '54247', 'Namibia', 12, 22, NULL),
(33, '325 Schimmel Lake', 'Fosterstead', '46093', 'Zimbabwe', 11, 23, NULL),
(34, '3736 Weber Crescent', 'Port Lazarohaven', '43718-7421', 'Pakistan', 13, 24, NULL),
(35, '43408 Sipes View', 'South Gretchen', '30802-4806', 'Saudi Arabia', 8, 25, NULL),
(36, '61633 Woodland Close', 'Port Paxtonton', '27961-7317', 'Sint Maarten', 7, 26, NULL),
(37, '184 Birch Grove', 'Thompsonland', '94988-1690', 'Bolivia', 14, 27, NULL),
(38, '39646 Lelia Street', 'Oklahoma City', '66295-9778', 'Colombia', 9, 28, NULL),
(39, '5985 Klocko Street', 'Gusikowskifort', '22771', 'Netherlands', 2, 29, NULL),
(40, '2971 Manor Close', 'Fort Celine', '85797', 'New Caledonia', 11, 30, NULL),
(41, '3506 Ward Hill', 'Lake Albinchester', '81749', 'Australia', 5, 31, NULL),
(42, '344 Emelie Fall', 'Fort Clarabelle', '38078-9624', 'Oman', 1, 32, NULL),
(43, '9058 Josefina Parkways', 'Ashburn', '40584', 'South Georgia and the South Sandwich Islands', 12, 33, NULL),
(44, '2567 Frontage Road', 'Port Sheldon', '87037-5287', 'Saint Lucia', 8, 34, NULL),
(45, '187 Hudson Circle', 'Kristown', '99582', 'Curacao', 1, 35, NULL),
(46, '678 W Maple Street', 'West Khalid', '04476-5095', 'Heard Island and McDonald Islands', 3, 36, NULL),
(47, '48056 Keeley Loaf', 'Letitiastad', '46981', 'Tunisia', 2, 37, NULL),
(48, '15418 Eden Gateway', 'Rutherfordmouth', '60880', 'Samoa', 7, 38, NULL),
(49, '541 Kuphal Circles', 'New Ethyltown', '11147-4584', 'Barbados', 5, 39, NULL),
(50, '1588 Aspen Close', 'Ivafield', '80168', 'Hungary', 3, 40, NULL),
(51, '82366 The Grange', 'South Lamar', '16411', 'Cook Islands', 10, 41, NULL),
(52, '9197 Cedar Close', 'Port Herminioport', '38647-0427', 'Vietnam', 12, 42, NULL),
(53, '33815 N Jackson Street', 'Lake Pearlie', '09199', 'Afghanistan', 14, 43, NULL),
(54, '919 Gulgowski Keys', 'Port Claudiaburgh', '28941', 'Saint Barthelemy', 12, 44, NULL),
(55, '8190 Goldner Brooks', 'West Doris', '04384', 'American Samoa', 8, 45, NULL),
(56, '866 Bechtelar Burg', 'Lake Delphiaberg', '65097', 'Ghana', 1, 46, NULL),
(57, '367 Connie Streets', 'Keelingville', '62527', 'Grenada', 6, 47, NULL),
(58, '4924 Parisian Brook', 'Amparomouth', '68636', 'Virgin Islands, British', 13, 48, NULL),
(59, '10892 Osinski Ridge', 'Loyalhaven', '21309', 'Republic of Korea', 5, 49, NULL),
(60, '3965 Prudence Viaduct', 'South Savanahside', '58020', 'Ukraine', 2, 50, NULL),
(61, '3086 Kaci Crossing', 'West Ima', '79493', 'Philippines', 13, 51, NULL),
(62, '1040 Reginald Ridges', 'North Miami Beach', '42567-0324', 'Syrian Arab Republic', 14, 52, NULL),
(63, '441 Easton Coves', 'Bradtketown', '79321-9883', 'Romania', 13, 53, NULL),
(64, '927 Roberts Walk', 'New Mike', '79745', 'Lebanon', 10, 54, NULL),
(65, '80774 Forest Road', 'Fort Mervin', '92309', 'France', 4, 55, NULL),
(66, '4048 Trantow Knoll', 'East Danika', '53307-9235', 'Romania', 5, 56, NULL),
(67, '624 Wilkinson Rue', 'Tessfield', '34587-7241', 'Nigeria', 4, 57, NULL),
(68, '2168 Eloisa Rest', 'Lake Jayson', '24610-8206', 'Panama', 10, 58, NULL),
(69, '52173 North Road', 'Willmsstad', '47492-5683', 'Rwanda', 7, 59, NULL),
(70, '6059 Adelbert Cliffs', 'Carterland', '33358', 'Argentina', 5, 60, NULL),
(71, '75298 Destin Loaf', 'Goldnerbury', '57593', 'Micronesia', 3, 61, NULL),
(72, '276 Shaun Shore', 'Lake Angela', '02341', 'Vanuatu', 3, 62, NULL),
(73, '41056 Mraz Park', 'Laceyshire', '72426', 'Grenada', 14, 63, NULL),
(74, '3581 E Market Street', 'Delray Beach', '71536', 'Uruguay', 1, 64, NULL),
(75, '791 Beau Ford', 'Feeststad', '64686', 'Falkland Islands (Malvinas)', 6, 65, NULL),
(76, '77789 Hartmann Via', 'Lake Opalhaven', '82845', 'Tokelau', 6, 66, NULL),
(77, '70774 Eveline Way', 'Bozeman', '42592-6249', 'Micronesia', 3, 67, NULL),
(78, '68248 Swaniawski Turnpike', 'Heleneport', '33894', 'Eswatini', 13, 68, NULL),
(79, '99587 E 4th Avenue', 'North Ashtonland', '43633', 'Uganda', 8, 69, NULL),
(80, '838 Bashirian Harbors', 'San Luis Obispo', '62186', 'Eswatini', 12, 70, NULL),
(81, '5065 Lime Grove', 'Darrickville', '15220', 'Togo', 1, 71, NULL),
(82, '8452 Johnston Landing', 'West Sacramento', '73518-8312', 'Sint Maarten', 14, 72, NULL),
(83, '978 Lea Landing', 'Macejkovicchester', '01957-2358', 'Saint Helena', 12, 73, NULL),
(84, '25104 Bergstrom Crest', 'Rodgerfort', '24933-0708', 'Monaco', 8, 74, NULL),
(85, '83027 Nightingale Close', 'Torrance', '18299-6545', 'Montserrat', 4, 75, NULL),
(86, '6977 Fourth Avenue', 'Chula Vista', '16645-4739', 'Guatemala', 1, 76, NULL),
(87, '431 Ludwig Shore', 'North Melynaborough', '02739', 'Saint Pierre and Miquelon', 8, 77, NULL),
(88, '67753 Sycamore Avenue', 'Lesterboro', '36797-5554', 'Saint Martin', 13, 78, NULL),
(89, '3360 Willow Grove', 'East Jackieville', '57757-3758', 'Andorra', 10, 79, NULL),
(90, '68223 Hobart Club', 'Pinellas Park', '51556-7951', 'Anguilla', 10, 80, NULL),
(91, '81359 Agustin Knoll', 'Lake Presley', '64462', 'Denmark', 12, 81, NULL),
(92, '62873 Batz Walk', 'Yucaipa', '96696-2473', 'China', 10, 82, NULL),
(93, '4906 Laburnum Grove', 'Lake Heberbury', '44647', 'Ireland', 7, 83, NULL),
(94, '782 Crona Forge', 'Liamcester', '98524-5624', 'Saint Vincent and the Grenadines', 10, 84, NULL),
(95, '83777 Wisozk Square', 'South Dan', '59270-1386', 'Botswana', 6, 85, NULL),
(96, '80556 Fisher Crest', 'Aloha', '25935', 'Haiti', 8, 86, NULL),
(97, '3315 Lakin Viaduct', 'East Sven', '49086-7227', 'Macao', 4, 87, NULL),
(98, '32841 Alene Route', 'Lake Kenyon', '40649', 'Algeria', 3, 88, NULL),
(99, '8701 Willow Close', 'Tustin', '93248-2606', 'Peru', 3, 89, NULL),
(100, '945 Kennith Glen', 'South Nellie', '32527', 'Romania', 2, 90, NULL),
(101, '86751 Goodwin Haven', 'Terrencebury', '04632', 'Slovakia', 10, 91, NULL),
(102, '5626 E State Street', 'Fort Izaiahstad', '43468-8575', 'Niger', 12, 92, NULL),
(103, '67010 Alexandria Bypass', 'East Kattie', '47364-1039', 'Taiwan', 12, 93, NULL),
(104, '76835 Winona Knolls', 'Wuckertbury', '65967', 'Dominica', 12, 94, NULL),
(105, '88571 MacGyver Ranch', 'North Humbertobury', '07645-6844', 'Cook Islands', 2, 95, NULL),
(106, '4977 Clifford Greens', 'East Francisco', '25931', 'Saint Vincent and the Grenadines', 4, 96, NULL),
(107, '9101 Hermann Harbors', 'Rupertport', '29495', 'Austria', 5, 97, NULL),
(108, '1711 Greenfelder Roads', 'Port Mortonfield', '16952', 'Holy See (Vatican City State)', 3, 98, NULL),
(109, '8230 Rubye Run', 'Ferneworth', '40465-7181', 'Guadeloupe', 1, 99, NULL),
(110, '33814 Donato Branch', 'North Lloydland', '95767', 'Jamaica', 6, 100, NULL),
(111, '90162 Kody Prairie', 'Sporerborough', '03558', 'Japan', 9, 101, NULL),
(112, '3145 Madison Landing', 'South Kayli', '43057', 'Bouvet Island', 7, 102, NULL),
(113, '9513 Bins Estates', 'Ornport', '47810-8929', 'South Georgia and the South Sandwich Islands', 9, 103, NULL),
(114, '5718 Gerlach Loop', 'Port Ray', '61997', 'Seychelles', 9, 104, NULL),
(115, '553 Jamison Parkway', 'Enricoborough', '51927-0869', 'Nigeria', 4, 105, NULL),
(116, '66510 Chelsey Parks', 'East Bradenfield', '38895-4343', 'United Kingdom', 11, 106, NULL),
(117, '1169 Mary Street', 'Alexandria', '35547', 'Nauru', 2, 107, NULL),
(118, '193 Rozella Glens', 'Glendora', '77435-5041', 'Macao', 9, 108, NULL),
(119, '63088 Loraine Field', 'Fort Aidan', '87667', 'Latvia', 1, 109, NULL),
(120, '78837 Hallie Groves', 'Fort Treverborough', '89367', 'Philippines', 11, 110, NULL),
(121, '70566 Barrett Hill', 'Port Camylle', '34952-6613', 'Gabon', 6, 111, NULL),
(122, '81971 Klein Oval', 'Port Erynside', '82979-3993', 'Nauru', 12, 112, NULL),
(123, '9419 Alysa Alley', 'Vellastad', '96450', 'Christmas Island', 12, 113, NULL),
(124, '130 Ratke Terrace', 'Fort Cristopherberg', '20665-1785', 'Andorra', 1, 114, NULL),
(125, '36923 Prohaska View', 'Abshireworth', '52911-0771', 'Germany', 13, 115, NULL),
(126, '359 Dietrich Shore', 'Fort Katharinafurt', '27342', 'Democratic People\'s Republic of Korea', 12, 116, NULL),
(127, '70273 Pamela Ramp', 'Roweville', '24017-0419', 'Antigua and Barbuda', 1, 117, NULL),
(128, '1083 Emanuel Falls', 'New Rod', '44092-9908', 'Suriname', 9, 118, NULL),
(129, '84375 Kraig Track', 'Carrollfield', '23155-5734', 'Christmas Island', 14, 119, NULL),
(130, '5391 S West Street', 'Huelsstead', '04387', 'Saint Helena', 3, 120, NULL),
(131, '487 E Washington Avenue', 'Akron', '25376', 'Kenya', 10, 121, NULL),
(132, '117 Juanita Loop', 'Hollystead', '89120-8520', 'Vietnam', 10, 122, NULL),
(133, '9189 General Trafficway', 'Titusville', '16273-0972', 'Chile', 9, 123, NULL),
(134, '238 Wuckert Knolls', 'West Emilyborough', '26074-5931', 'Saint Helena', 9, 124, NULL),
(135, '2476 Howe Trafficway', 'East Nayeli', '21749-4338', 'Mongolia', 6, 125, NULL),
(136, '76578 Kassulke Road', 'New Amaricester', '35863-8839', 'Croatia', 13, 126, NULL),
(137, '8097 Richmond Road', 'Fort Easter', '28700', 'South Sudan', 9, 127, NULL),
(138, '990 Center Avenue', 'Tamarac', '00742-9842', 'Colombia', 8, 128, NULL),
(139, '8528 N Pearl Street', 'East Shirley', '47441', 'Belarus', 7, 129, NULL),
(140, '88370 Tiara Mews', 'West Laura', '10874-1041', 'Bahamas', 6, 130, NULL),
(141, '227 Aryanna Crest', 'Rutherfordborough', '23214-8376', 'New Caledonia', 9, 131, NULL),
(142, '75921 Wiza Parkways', 'New Jerad', '83395-8691', 'Turks and Caicos Islands', 3, 132, NULL),
(143, '869 Muller Ridges', 'New Cecilia', '03393', 'Brazil', 7, 133, NULL),
(144, '48899 Welch Loop', 'San Francisco', '52751', 'Greenland', 8, 134, NULL),
(145, '20431 Carter Pine', 'North Zulaport', '71541-7872', 'Benin', 4, 135, NULL),
(146, '82761 Barton Road', 'Lake Israelburgh', '38877-0702', 'Costa Rica', 11, 136, NULL),
(147, '5202 Bogisich Vista', 'North Rachelshire', '21270-3521', 'United States of America', 6, 137, NULL),
(148, '39610 Runte Crest', 'West Rudyland', '44470-7438', 'Central African Republic', 14, 138, NULL),
(149, '118 Ernestine Ville', 'Anneburgh', '16970', 'Trinidad and Tobago', 5, 139, NULL),
(150, '9588 Dalton Brook', 'Alainabury', '18977', 'Italy', 7, 140, NULL),
(151, '27080 Gordon Street', 'South Granville', '66632-6390', 'Liberia', 4, 141, NULL),
(152, '9363 Lind Dam', 'Fort Shawnshire', '09793-2142', 'Latvia', 3, 142, NULL),
(153, '85552 Reinhold Falls', 'East Melynabury', '32153-3721', 'Trinidad and Tobago', 3, 143, NULL),
(154, '88050 Balmoral Road', 'North Ransom', '24170', 'British Indian Ocean Territory (Chagos Archipelago)', 9, 144, NULL),
(155, '155 E Park Avenue', 'Cicero', '56031-8554', 'Italy', 6, 145, NULL),
(156, '280 Audrey Orchard', 'Clearwater', '28452-1941', 'Brunei Darussalam', 8, 146, NULL),
(157, '9940 Margaret Junctions', 'Davonmouth', '19654-9391', 'Gibraltar', 14, 147, NULL),
(158, '36216 Eleonore Divide', 'West Eladio', '90277-1285', 'Guernsey', 9, 148, NULL),
(159, '943 Demarcus Greens', 'Vladimirport', '88824', 'Venezuela', 6, 149, NULL),
(160, '6484 Grace Streets', 'Strosinshire', '91910-6596', 'Croatia', 1, 150, NULL),
(161, '916 Graciela Villages', 'Gottliebberg', '74215-2675', 'Cook Islands', 6, 151, NULL),
(162, '7499 Kings Highway', 'Callieville', '82468-1919', 'Marshall Islands', 2, 152, NULL),
(163, '4622 Rosalee Hill', 'Adityahaven', '57313-5795', 'South Sudan', 9, 153, NULL),
(164, '71691 Aidan Hill', 'New Amiyafield', '46108-4683', 'Mongolia', 14, 154, NULL),
(165, '3765 Aimee Stream', 'Constanceborough', '76420', 'Kazakhstan', 12, 155, NULL),
(166, '5580 Georgiana Glens', 'Daleport', '36373-2933', 'Belarus', 12, 156, NULL),
(167, '8821 Dariana Mission', 'New York', '58119', 'United Kingdom', 7, 157, NULL),
(168, '45753 Legros Expressway', 'North Ellie', '79883-8116', 'Chad', 3, 158, NULL),
(169, '657 Feeney Wall', 'Jacobsonshire', '93411', 'Belarus', 10, 159, NULL),
(170, '9851 E Jefferson Street', 'South Dora', '55832', 'Gambia', 11, 160, NULL),
(171, '5116 Tromp Meadows', 'Devinworth', '44200-5742', 'Fiji', 6, 161, NULL),
(172, '6607 Arianna Coves', 'South Al', '16135', 'Tonga', 5, 162, NULL),
(173, '9616 Tremayne Drives', 'Tylerfield', '03577-3838', 'Paraguay', 4, 163, NULL),
(174, '2094 Greg Harbors', 'Giovanihaven', '07763-3412', 'Ireland', 11, 164, NULL),
(175, '108 Bertram Squares', 'West Sidney', '93617-9930', 'Bahrain', 13, 165, NULL),
(176, '222 Ferry Bridge', 'Zemlakfort', '50403', 'Maldives', 1, 166, NULL),
(177, '484 Murphy Divide', 'West Amberton', '07077', 'Guadeloupe', 11, 167, NULL),
(178, '69034 Brandt Mill', 'Riverview', '61180-9356', 'Haiti', 8, 168, NULL),
(179, '6083 Pine Close', 'Port Dariana', '24566-7476', 'Tunisia', 5, 169, NULL),
(180, '318 Strosin Ridges', 'Maddisonchester', '26892', 'Luxembourg', 5, 170, NULL),
(181, '393 Wisoky Mission', 'Laurelchester', '97407-5454', 'Somalia', 8, 171, NULL),
(182, '365 Coronation Avenue', 'Bradtkebury', '39762-3145', 'Falkland Islands (Malvinas)', 4, 172, NULL),
(183, '490 N Jefferson Street', 'Conroe', '51241', 'India', 8, 173, NULL),
(184, '9149 Christop Stream', 'Fort Dena', '36020-6871', 'Marshall Islands', 14, 174, NULL),
(185, '1412 E 6th Street', 'Parker', '02513', 'Niue', 1, 175, NULL),
(186, '48596 Leanne Point', 'West Coltport', '89028-9396', 'Australia', 7, 176, NULL),
(187, '76814 Britney Prairie', 'East Leatha', '17132', 'Cocos (Keeling) Islands', 13, 177, NULL),
(188, '51722 Ofelia Walk', 'South Jesseview', '24148-5677', 'Vanuatu', 13, 178, NULL),
(189, '40980 King\'s Road', 'Ornland', '42212', 'Tonga', 13, 179, NULL),
(190, '7028 Clifford Extensions', 'South Carolyneton', '88830-3698', 'Malawi', 10, 180, NULL),
(191, '8732 Rau Point', 'New Valerieton', '11438-5411', 'Colombia', 8, 181, NULL),
(192, '6293 Prospect Place', 'Leachester', '12644', 'Belize', 3, 182, NULL),
(193, '677 Meadow Close', 'North Antonina', '18483-2846', 'Samoa', 1, 183, NULL),
(194, '7502 Annabel Spurs', 'Hettingerton', '15278-6742', 'New Caledonia', 7, 184, NULL),
(195, '307 Agustina Parkway', 'Langworthstad', '23249', 'Oman', 7, 185, NULL),
(196, '834 E Pine Street', 'East Drake', '40705-8207', 'Cote d\'Ivoire', 8, 186, NULL),
(197, '11563 Dickens Gateway', 'Wheaton', '58594-2973', 'Timor-Leste', 3, 187, NULL),
(198, '29452 Kellie Neck', 'Larkintown', '89645-1082', 'Bhutan', 3, 188, NULL),
(199, '7134 Mohamed Plain', 'Vivienfield', '55520-6988', 'British Indian Ocean Territory (Chagos Archipelago)', 13, 189, NULL),
(200, '8486 Stamm Lakes', 'New Toby', '22066', 'Saudi Arabia', 1, 190, NULL),
(201, '7620 Sedrick Center', 'Sipesborough', '91634-5304', 'Saint Barthelemy', 1, 191, NULL),
(202, '29741 W Broadway Avenue', 'North Evalynboro', '27727', 'Switzerland', 13, 192, NULL),
(203, '257 Rafael Views', 'Cicero', '26723', 'Portugal', 14, 193, NULL),
(204, '455 Anderson Pass', 'West Abefurt', '57053-1258', 'Malaysia', 1, 194, NULL),
(205, '2269 Larson Shoal', 'Christiansenland', '40329', 'Cameroon', 10, 195, NULL),
(206, '2671 Lake Avenue', 'Blickview', '53585-6870', 'Eswatini', 13, 196, NULL),
(207, '152 Ebert Route', 'North Gildastad', '56174', 'Benin', 13, 197, NULL),
(208, '364 Rohan Inlet', 'Corneliusberg', '34905-9687', 'Poland', 12, 198, NULL),
(209, '6187 Esta Views', 'Jewellboro', '91039-7251', 'Sweden', 14, 199, NULL),
(210, '4502 Assunta Brooks', 'Rylanbury', '55368-2552', 'Brazil', 2, 200, NULL),
(211, '614 Magnus Streets', 'East Verlaburgh', '62529', 'Guinea-Bissau', 3, 201, NULL),
(212, '41125 Isidro Loaf', 'Carletonfurt', '08067-7195', 'Taiwan', 5, 202, NULL),
(213, '351 Bud Ville', 'Dale City', '98549-8589', 'Germany', 2, 203, NULL),
(214, '52767 The Oval', 'Grahamworth', '87162-6918', 'South Sudan', 9, 204, NULL),
(215, '41172 Lorena Road', 'Monahanhaven', '79108-0443', 'Mali', 3, 205, NULL),
(216, '5095 S East Street', 'Arlington Heights', '89007-8795', 'Tuvalu', 14, 206, NULL),
(217, '723 Tabitha Gardens', 'Woodbury', '80056', 'Macao', 9, 207, NULL),
(218, '89625 E 12th Street', 'West Barney', '34296', 'Liberia', 7, 208, NULL),
(219, '45212 MacGyver Coves', 'Lonnieport', '42808', 'Virgin Islands, U.S.', 6, 209, NULL),
(220, '68201 Stracke Field', 'New Axelborough', '28848', 'Pakistan', 5, 210, NULL),
(221, '54336 Jay Track', 'Richiehaven', '72817', 'Kyrgyz Republic', 14, 211, NULL),
(222, '6443 Glebe Close', 'Fort Ismaelfort', '56234-6548', 'Palau', 4, 212, NULL),
(223, '842 S College Street', 'Mauriciofurt', '97950', 'Mauritania', 14, 213, NULL),
(224, '885 State Road', 'Wellington', '68085', 'Tuvalu', 7, 214, NULL),
(225, '368 Carlie Spring', 'Port Myrtice', '62794', 'Philippines', 14, 215, NULL),
(226, '6791 W 3rd Street', 'New Fleta', '65669', 'Austria', 1, 216, NULL),
(227, '832 The Square', 'Novacester', '16875-8626', 'Northern Mariana Islands', 5, 217, NULL),
(228, '80102 Kara Manor', 'Albany', '53692-2369', 'Finland', 2, 218, NULL),
(229, '6773 W 14th Street', 'East Hershel', '33109-6157', 'Faroe Islands', 13, 219, NULL),
(230, '9703 Peter Pike', 'Jeraldside', '66295', 'Antarctica', 4, 220, NULL),
(231, '7151 E Grand Avenue', 'Franeychester', '85706', 'Hong Kong', 5, 221, NULL),
(232, '76055 Eriberto Ways', 'Port Elainaland', '48828', 'Saint Martin', 3, 222, NULL),
(233, '33221 Sandra Hill', 'Antoinetteboro', '35920', 'Malawi', 8, 223, NULL),
(234, '24303 Mill Lane', 'Fort Michael', '84946', 'Denmark', 3, 224, NULL),
(235, '9430 Nicklaus Manor', 'Howellfield', '48031-1291', 'Senegal', 7, 225, NULL),
(236, '59698 Howell Crest', 'Houston', '25890', 'United States Minor Outlying Islands', 8, 226, NULL),
(237, '778 Hilpert River', 'South Goldenchester', '26201', 'Poland', 6, 227, NULL),
(238, '385 Abbott Green', 'North Ruthie', '35526', 'American Samoa', 13, 228, NULL),
(239, '3734 Hall Street', 'Schmitthaven', '62030', 'Tajikistan', 1, 229, NULL),
(240, '83651 Kautzer Locks', 'Crookschester', '76000-0460', 'Mozambique', 8, 230, NULL),
(241, '66029 Greenholt Coves', 'West Sonia', '76542', 'Mauritania', 3, 231, NULL),
(242, '67651 Rohan Summit', 'Landenshire', '03586', 'Honduras', 3, 232, NULL),
(243, '8647 Poplar Street', 'East Isabellashire', '17805', 'Albania', 8, 233, NULL),
(244, '76191 King\'s Road', 'Jaskolskiport', '65196-8029', 'United Kingdom', 4, 234, NULL),
(245, '13531 Bahringer Camp', 'Fort Keeleymouth', '54280-3594', 'Papua New Guinea', 2, 235, NULL),
(246, '67276 Hollis Junction', 'East Alenahaven', '57544-2736', 'Cuba', 1, 236, NULL),
(247, '395 Lenore Grove', 'Tyriquetown', '30952', 'Christmas Island', 12, 237, NULL),
(248, '1989 W 14th Street', 'East Wainoport', '05511', 'Romania', 12, 238, NULL),
(249, '43361 O\'Hara Unions', 'East Forrestside', '50894-0155', 'Sao Tome and Principe', 12, 239, NULL),
(250, '203 Nichole Fall', 'Laceyshire', '87219', 'Myanmar', 2, 240, NULL),
(251, '5281 Jerde Harbors', 'Rueckerland', '38134', 'Italy', 11, 241, NULL),
(252, '779 Crescent Road', 'West Soniastad', '14009', 'Mayotte', 8, 242, NULL),
(253, '63014 Spring Street', 'Gerlachstead', '58831-3138', 'Indonesia', 9, 243, NULL),
(254, '866 Michele Curve', 'Trenton', '42613', 'Angola', 2, 244, NULL),
(255, '8223 Orrin Square', 'Mishawaka', '67663', 'Indonesia', 7, 245, NULL),
(256, '1275 Gilberto Tunnel', 'Jupiter', '83774-5689', 'Oman', 9, 246, NULL),
(257, '70778 Nettie Grove', 'Uptonstad', '83377-2468', 'Philippines', 7, 247, NULL),
(258, '8361 South View', 'North Cara', '49493', 'Sierra Leone', 2, 248, NULL),
(259, '736 Terry Park', 'Eudorafort', '75569-4240', 'Northern Mariana Islands', 9, 249, NULL),
(260, '16467 Bramley Close', 'Kerlukeview', '33214-9324', 'Saint Lucia', 11, 250, NULL),
(261, '8012 Park Avenue', 'New Angelville', '64366-0586', 'Netherlands', 4, 251, NULL),
(262, '683 Alfredo Loaf', 'Corona', '94784-6919', 'Singapore', 12, 252, NULL),
(263, '603 Mayert Extensions', 'South Danteport', '93992', 'Finland', 13, 253, NULL),
(264, '2210 Tyree Spring', 'Huntersville', '14800-4185', 'Timor-Leste', 9, 254, NULL),
(265, '5398 Lynch Spurs', 'Lelaland', '56471-2091', 'Belarus', 11, 255, NULL),
(266, '2304 Sabryna Mills', 'Fort Merle', '33313', 'El Salvador', 12, 256, NULL),
(267, '7939 Sycamore Drive', 'Eleanorestead', '62482', 'Isle of Man', 1, 257, NULL),
(268, '3628 Fay Flats', 'Lake Rae', '73855-6839', 'Syrian Arab Republic', 11, 258, NULL),
(269, '44521 Locust Street', 'Antonettafort', '99674', 'Montserrat', 11, 259, NULL),
(270, '650 Cristian Park', 'Delaneystad', '16952', 'Virgin Islands, British', 5, 260, NULL),
(271, '98201 Abshire Rest', 'Zboncakmouth', '58732', 'Bonaire, Sint Eustatius and Saba', 9, 261, NULL),
(272, '4233 Haley Oval', 'Weimanntown', '65520-2696', 'Nepal', 3, 262, NULL),
(273, '29291 Legros Canyon', 'Turcotteland', '66973-8123', 'Micronesia', 7, 263, NULL),
(274, '905 Aliya Cliffs', 'Novato', '92185', 'Benin', 2, 264, NULL),
(275, '786 East Avenue', 'New Madison', '75459-9026', 'Australia', 6, 265, NULL),
(276, '26980 W Church Street', 'Blacksburg', '12849-5586', 'Estonia', 11, 266, NULL),
(277, '496 Lorenz Bridge', 'South Summer', '23470', 'Democratic Republic of the Congo', 12, 267, NULL),
(278, '86719 Gerlach Pines', 'Port Daltoncester', '03966', 'Cape Verde', 9, 268, NULL),
(279, '63111 S Division Street', 'Bradlyborough', '08136', 'Egypt', 2, 269, NULL),
(280, '1617 Kristofer Cliffs', 'Pine Hills', '09836', 'Cayman Islands', 2, 270, NULL),
(281, '4965 Treutel River', 'Brownsville', '52570-4565', 'Gambia', 14, 271, NULL),
(282, '1568 Richmond Lights', 'Livermore', '77639-1286', 'Heard Island and McDonald Islands', 5, 272, NULL),
(283, '5191 Lehner Fords', 'Port Chet', '36460-9040', 'Zambia', 6, 273, NULL),
(284, '38187 Rath Divide', 'Lueilwitzview', '66595-5330', 'Lesotho', 10, 274, NULL),
(285, '221 Ruthie Crescent', 'Wheaton', '98623', 'Chile', 1, 275, NULL),
(286, '7219 Aisha Harbor', 'Cecilport', '18574-9073', 'Burkina Faso', 1, 276, NULL),
(287, '58881 Spencer Underpass', 'South Orvalhaven', '65479-4409', 'Mali', 1, 277, NULL),
(288, '890 Suzanne Centers', 'West Sheridanchester', '38413-0716', 'Antigua and Barbuda', 4, 278, NULL),
(289, '616 Rau Inlet', 'North Keiraworth', '58284-4954', 'Norway', 7, 279, NULL),
(290, '6643 Welch Crest', 'Lake Reece', '96981', 'Morocco', 7, 280, NULL),
(291, '2175 E 9th Street', 'South Adanshire', '10076-0637', 'Benin', 1, 281, NULL),
(292, '12393 Stamm Squares', 'Schaumburg', '12508', 'Ecuador', 14, 282, NULL),
(293, '7503 Bashirian Knoll', 'Spokane', '43292', 'Benin', 12, 283, NULL),
(294, '7037 Marquardt Via', 'Jazmynefield', '06811', 'Estonia', 10, 284, NULL),
(295, '46267 Avenue Road', 'East Ivy', '12231', 'Guernsey', 8, 285, NULL),
(296, '5024 13th Street', 'West Nathanialview', '72751', 'Libyan Arab Jamahiriya', 2, 286, NULL),
(297, '115 Nader Oval', 'New Alfredhaven', '15646', 'Cuba', 6, 287, NULL),
(298, '4580 Runte Parks', 'Rhiannonstead', '53360', 'Nicaragua', 5, 288, NULL),
(299, '104 Predovic Path', 'North Katarinaburgh', '01501', 'Cook Islands', 6, 289, NULL),
(300, '594 Rusty Shore', 'Astridstead', '59264-1328', 'Slovenia', 8, 290, NULL),
(301, '68750 Corkery Villages', 'Port Olga', '82684', 'Central African Republic', 10, 291, NULL),
(302, '6821 E Washington Street', 'Port Anissaside', '68968', 'British Indian Ocean Territory (Chagos Archipelago)', 5, 292, NULL),
(303, '896 Kuhn Bridge', 'San Francisco', '79122-6821', 'Belgium', 1, 293, NULL),
(304, '9012 Hettinger Pass', 'Athens-Clarke County', '21970-2948', 'Jordan', 11, 294, NULL),
(305, '82871 Tillman Oval', 'Port Martina', '06103', 'Nigeria', 1, 295, NULL),
(306, '3065 Hazel Grove', 'Erie', '58746-4429', 'Ukraine', 2, 296, NULL),
(307, '7512 Kshlerin Knoll', 'San Marcos', '58141-7150', 'Antigua and Barbuda', 12, 297, NULL),
(308, '10395 Llewellyn Tunnel', 'Jacquesberg', '75193-3948', 'Anguilla', 2, 298, NULL),
(309, '67072 Hartmann Place', 'Lake Idachester', '25919', 'Monaco', 1, 299, NULL),
(310, '223 Gracie Oval', 'Turlock', '09778', 'Malaysia', 8, 300, NULL),
(311, '571 Pauline Estate', 'East Felix', '56494', 'Kuwait', 12, 301, NULL),
(312, '256 Marcelina Path', 'Boca Raton', '53074', 'Luxembourg', 10, 302, NULL),
(313, '23650 S 4th Street', 'Wauwatosa', '86666-9956', 'Zambia', 12, 303, NULL),
(314, '32494 E Washington Street', 'Lucilestad', '62562', 'Nauru', 10, 304, NULL),
(315, '124 W Central Avenue', 'Kamrynfurt', '38670-8577', 'Benin', 7, 305, NULL),
(316, '2292 Howe Shoals', 'Nikolausfurt', '95423', 'Suriname', 10, 306, NULL),
(317, '69985 Howard Road', 'Ernserstead', '63177', 'Iran', 2, 307, NULL),
(318, '29720 Maverick Ranch', 'Norvalside', '13503', 'Canada', 6, 308, NULL),
(319, '73761 Frami Ridges', 'Herminaland', '81406-9852', 'San Marino', 5, 309, NULL),
(320, '684 Windsor Avenue', 'East Katherynworth', '44893-6602', 'South Georgia and the South Sandwich Islands', 12, 310, NULL),
(321, '750 Welch Rapid', 'Adrianville', '16870-3347', 'Mayotte', 9, 311, NULL),
(322, '582 Fermin Park', 'Kossland', '84780-6135', 'Puerto Rico', 7, 312, NULL),
(323, '771 College Street', 'Pfannerstillport', '43593-0731', 'Jamaica', 13, 313, NULL),
(324, '728 7th Avenue', 'Petaluma', '23439-1929', 'Guatemala', 6, 314, NULL),
(325, '3680 Hollie Bypass', 'Emmittchester', '20850', 'Netherlands', 12, 315, NULL),
(326, '2962 Burnice Cape', 'Baldwin Park', '24229-3351', 'United States Minor Outlying Islands', 9, 316, NULL),
(327, '1592 Everardo Parkway', 'Mesquite', '83260', 'Sri Lanka', 5, 317, NULL),
(328, '925 E Elm Street', 'Port Akeemchester', '86616-0866', 'Solomon Islands', 7, 318, NULL),
(329, '88263 Dayana Drive', 'Fort Collins', '10781-3397', 'Kiribati', 6, 319, NULL),
(330, '6531 Hayes Points', 'Ikemouth', '57387-4684', 'Lithuania', 11, 320, NULL),
(331, '86303 Carroll Cliff', 'East Fredybury', '15018-8387', 'United Arab Emirates', 7, 321, NULL),
(332, '490 Cormier Tunnel', 'Rowanborough', '94670-6251', 'United Kingdom', 11, 322, NULL),
(333, '5799 Francesco Street', 'Waylonburgh', '29926-5106', 'Saint Helena', 3, 323, NULL),
(334, '57235 E Pine Street', 'Kettering', '58306-9395', 'Belarus', 2, 324, NULL),
(335, '7950 Schamberger Estates', 'Yundtland', '26763', 'Turkmenistan', 10, 325, NULL),
(336, '99852 Priscilla Heights', 'West Roma', '86810', 'Lao People\'s Democratic Republic', 13, 326, NULL),
(337, '7917 Hayes Loop', 'Cleveland', '48844', 'Croatia', 12, 327, NULL),
(338, '43810 Obie Wells', 'Jacquelyncester', '79984', 'Hong Kong', 1, 328, NULL),
(339, '145 Marley Mount', 'St. Clair Shores', '65961', 'Seychelles', 14, 329, NULL),
(340, '841 Kingfisher Close', 'Blacksburg', '48545-3333', 'Sri Lanka', 12, 330, NULL),
(341, '610 Ena Fort', 'North Manley', '42129-0258', 'Iran', 6, 331, NULL),
(342, '79165 Windmill Close', 'Kerluketown', '81589-0283', 'Vanuatu', 7, 332, NULL),
(343, '103 Gleichner Square', 'South Alexander', '87302-2927', 'Vanuatu', 2, 333, NULL),
(344, '5891 Goyette View', 'Fort Opheliashire', '11817', 'Russian Federation', 5, 334, NULL),
(345, '44135 Spring Street', 'South Emery', '88996', 'Montserrat', 9, 335, NULL),
(346, '630 Moore Crossing', 'Fort Helga', '14797', 'Namibia', 8, 336, NULL),
(347, '3702 Jodie Courts', 'New Maegan', '97004-0428', 'Sierra Leone', 1, 337, NULL),
(348, '827 The Meadows', 'Harrisonburg', '16866-1111', 'Cyprus', 1, 338, NULL),
(349, '763 Veterans Memorial Highway', 'North Albinside', '76130', 'Virgin Islands, British', 13, 339, NULL),
(350, '9222 Berta Greens', 'Danielshire', '30316', 'Colombia', 2, 340, NULL),
(351, '51677 Julien Locks', 'Torrance', '47419-7988', 'Yemen', 5, 341, NULL),
(352, '16103 Kassulke Drive', 'Wizaport', '28406', 'Antarctica', 5, 342, NULL),
(353, '347 Judah Creek', 'North Rickey', '18129-0345', 'Martinique', 13, 343, NULL),
(354, '54788 Abdul Wells', 'Clarksville', '43683', 'Maldives', 2, 344, NULL),
(355, '8138 Bogisich Overpass', 'Thousand Oaks', '82374', 'Republic of Korea', 7, 345, NULL),
(356, '77368 Liberty Street', 'Sanford', '62204-1390', 'Angola', 7, 346, NULL),
(357, '822 Cumberland Street', 'Port Colemanstad', '65781', 'Argentina', 10, 347, NULL),
(358, '59086 Lindgren Underpass', 'Earlberg', '43990', 'Sint Maarten', 12, 348, NULL),
(359, '92334 Madison Street', 'Kendrafort', '26945-8431', 'Montenegro', 12, 349, NULL),
(360, '8451 Ledner Manor', 'Langfield', '39430-3915', 'Madagascar', 11, 350, NULL),
(361, '62227 Howe Walk', 'Fort D\'angelotown', '99653', 'Bahrain', 14, 351, NULL),
(362, '12615 Depot Street', 'New Elmer', '87351-8251', 'Comoros', 6, 352, NULL),
(363, '847 Park Drive', 'Midwest City', '49563', 'Saint Helena', 8, 353, NULL),
(364, '870 Jeanette Crest', 'East Marguerite', '51899', 'Tunisia', 9, 354, NULL),
(365, '60166 Lue Causeway', 'West Frances', '96803-3328', 'Benin', 9, 355, NULL),
(366, '7513 Colten Pines', 'Eagan', '86158', 'Uruguay', 4, 356, NULL),
(367, '9800 Scotty Square', 'Collierville', '30327', 'Bosnia and Herzegovina', 5, 357, NULL),
(368, '47338 Hessel Circle', 'Kossview', '53262-4976', 'Tajikistan', 5, 358, NULL),
(369, '315 Kaleb Curve', 'Friedaland', '54655', 'Libyan Arab Jamahiriya', 4, 359, NULL),
(370, '401 Elyse Mews', 'North Dennisport', '07334', 'Switzerland', 4, 360, NULL),
(371, '40907 Conroy Station', 'South Lafayette', '80700', 'Montenegro', 9, 361, NULL),
(372, '167 Wolff Circle', 'West Alessandra', '17773-6438', 'Turkmenistan', 3, 362, NULL),
(373, '585 Mazie Vista', 'Hildegardton', '85539', 'Netherlands', 8, 363, NULL),
(374, '7935 McDermott Prairie', 'Lake Rudolph', '07940-3134', 'South Africa', 7, 364, NULL),
(375, '99920 Halvorson Squares', 'South Allyside', '80998', 'Aland Islands', 1, 365, NULL),
(376, '754 Cecilia Path', 'Caylafurt', '85861', 'Australia', 3, 366, NULL),
(377, '74537 W South Street', 'Hassiemouth', '46368', 'Canada', 7, 367, NULL),
(378, '25862 Pine Street', 'Ullrichville', '60105-5443', 'Turkmenistan', 12, 368, NULL),
(379, '9219 Jerrell River', 'New Lorena', '63796', 'Albania', 12, 369, NULL),
(380, '3165 Brook Lane', 'Willieport', '65967-6156', 'Benin', 12, 370, NULL),
(381, '115 Cleveland Street', 'New Braunfels', '98410', 'Anguilla', 2, 371, NULL),
(382, '815 Elisha Gateway', 'Sarahfield', '45759', 'Virgin Islands, British', 13, 372, NULL),
(383, '21485 Beer Hollow', 'Soledadville', '91143', 'Madagascar', 2, 373, NULL),
(384, '642 Grimes Trace', 'Eugene', '46445-6393', 'Iran', 2, 374, NULL),
(385, '92721 Witting Spring', 'Port Evelyn', '49128', 'Mali', 4, 375, NULL),
(386, '4510 Misael Spur', 'Maximilliacester', '21681', 'Sierra Leone', 3, 376, NULL),
(387, '82617 County Road', 'Skokie', '35892', 'Wallis and Futuna', 6, 377, NULL),
(388, '2279 The Sidings', 'Vicentaworth', '56192-1730', 'Uzbekistan', 11, 378, NULL),
(389, '6442 Goodwin Greens', 'Nayelihaven', '41686-4442', 'South Sudan', 12, 379, NULL),
(390, '1019 Schiller Lakes', 'Hahncester', '79014-4219', 'Chile', 7, 380, NULL),
(391, '30041 E Water Street', 'Macon-Bibb County', '27652', 'Mayotte', 14, 381, NULL),
(392, '9539 E Water Street', 'Altenwerthstad', '19001', 'Jordan', 8, 382, NULL),
(393, '579 Ferry Road', 'East Vidashire', '78357-6012', 'Fiji', 13, 383, NULL),
(394, '503 Considine Skyway', 'Douglasshire', '86322', 'Nigeria', 8, 384, NULL),
(395, '7830 Kris Centers', 'Port Xavierside', '80265', 'Tunisia', 3, 385, NULL),
(396, '271 Maple Avenue', 'Lake Harleyside', '12696-5015', 'Latvia', 14, 386, NULL),
(397, '9219 Garfield Centers', 'Larkinstead', '56141', 'Faroe Islands', 2, 387, NULL),
(398, '799 Bashirian Loop', 'Brycebury', '90681', 'Romania', 11, 388, NULL),
(399, '16304 Vandervort Junctions', 'Bobbieborough', '23362', 'Algeria', 10, 389, NULL),
(400, '63270 Warren Close', 'Margate', '16086', 'Czechia', 14, 390, NULL),
(401, '52485 Schroeder Port', 'West Lavonstad', '11586-9822', 'Tunisia', 4, 391, NULL),
(402, '4809 Park Lane', 'Fort Katherine', '30148-1769', 'Kenya', 3, 392, NULL),
(403, '52330 Armstrong Via', 'Lake Kentonland', '00589-4974', 'Eritrea', 2, 393, NULL),
(404, '662 Creola Via', 'Port Hardyboro', '45173-0854', 'Uruguay', 9, 394, NULL),
(405, '201 Lemke Falls', 'Nilsworth', '25247', 'Congo', 13, 395, NULL),
(406, '2806 Marlee Bypass', 'Yorba Linda', '78233-7830', 'Italy', 10, 396, NULL),
(407, '44177 Prospect Avenue', 'Faustinoboro', '68151-4756', 'Kenya', 8, 397, NULL),
(408, '8705 Kshlerin Meadows', 'South German', '82570-7798', 'United States of America', 6, 398, NULL),
(409, '58604 Jacobi Pines', 'Alysaton', '16314', 'Italy', 7, 399, NULL),
(410, '92499 Hank Greens', 'East Lue', '42462-9289', 'Guinea-Bissau', 14, 400, NULL),
(411, '32038 Miguel Plaza', 'Passaic', '34469-3844', 'Afghanistan', 6, 401, NULL),
(412, '4551 Leslie Flat', 'Lake Huldaside', '31497', 'Nauru', 3, 402, NULL),
(413, '899 Marley Flats', 'Janaside', '53370-3915', 'Botswana', 12, 403, NULL),
(414, '39504 N Front Street', 'Fort Cayla', '31449', 'Cambodia', 2, 404, NULL),
(415, '21927 Bartell Gateway', 'East Leonora', '48482-1103', 'Benin', 12, 405, NULL),
(416, '9822 O\'Conner Lakes', 'New Abel', '51522-0064', 'Venezuela', 12, 406, NULL),
(417, '856 Claremont Road', 'Port Elna', '17386', 'Bulgaria', 13, 407, NULL),
(418, '36639 Hirthe Brooks', 'Elkhart', '64113', 'Cambodia', 5, 408, NULL),
(419, '235 Kuhn Lights', 'South Bianka', '24968-5711', 'Sudan', 14, 409, NULL),
(420, '7676 Woodlands Close', 'Caleberg', '99896', 'British Indian Ocean Territory (Chagos Archipelago)', 14, 410, NULL),
(421, '597 Collins Run', 'Evietown', '52156', 'France', 13, 411, NULL),
(422, '53763 E Park Avenue', 'Summerville', '99742-3872', 'Ireland', 4, 412, NULL),
(423, '365 Heather Close', 'East Leda', '39770-2107', 'Lesotho', 5, 413, NULL),
(424, '247 Grove Street', 'Baytown', '17646', 'Italy', 3, 414, NULL),
(425, '125 Saul Garden', 'Larsonville', '66783-0151', 'Somalia', 4, 415, NULL),
(426, '4745 Johnston Skyway', 'Shemarville', '49139', 'Virgin Islands, U.S.', 11, 416, NULL),
(427, '8950 Schmitt Mill', 'New Raegan', '23050-3063', 'Eswatini', 8, 417, NULL),
(428, '9663 Kub Ramp', 'South Eugeniaworth', '78792-5427', 'Sweden', 7, 418, NULL),
(429, '5355 Bartell Canyon', 'Haverhill', '46486', 'Nicaragua', 5, 419, NULL),
(430, '1675 Laburnum Grove', 'Zariashire', '17914', 'Sri Lanka', 14, 420, NULL),
(431, '27785 Ralph Lake', 'Norwoodfort', '73817-0726', 'Guernsey', 9, 421, NULL),
(432, '538 School Lane', 'Port Charlotte', '05538', 'South Sudan', 10, 422, NULL),
(433, '3125 Jada Ports', 'Port Kaycee', '15918-3659', 'Sweden', 7, 423, NULL),
(434, '76697 Woodlands', 'North Lennie', '84355-7365', 'Aruba', 7, 424, NULL),
(435, '206 Skyline Drive', 'Katlyncester', '55854-8996', 'Azerbaijan', 2, 425, NULL),
(436, '2079 Earl Trail', 'Leeburgh', '96356', 'Peru', 11, 426, NULL),
(437, '1881 Elenora Villages', 'Reingermouth', '71603-8847', 'Saint Barthelemy', 6, 427, NULL),
(438, '43852 E High Street', 'Jeffryfield', '89249-4141', 'Yemen', 12, 428, NULL),
(439, '736 Cyrus Spring', 'West Wilmer', '39502', 'Curacao', 9, 429, NULL),
(440, '81206 W 2nd Street', 'Hackettberg', '65112-9892', 'Bangladesh', 3, 430, NULL),
(441, '56144 Keshawn Shoals', 'Maribelcester', '39331-1381', 'Puerto Rico', 1, 431, NULL),
(442, '7527 Dejon Forge', 'East Dianna', '87590-2155', 'Bulgaria', 8, 432, NULL),
(443, '9268 Mabel Glen', 'San Bruno', '14461', 'United Kingdom', 11, 433, NULL),
(444, '9942 Bramley Close', 'East Ulices', '95012', 'Moldova', 11, 434, NULL),
(445, '353 Annabell Parks', 'Racine', '49434', 'Kazakhstan', 9, 435, NULL),
(446, '539 Railroad Street', 'Murielborough', '95293-0279', 'Lithuania', 4, 436, NULL),
(447, '77322 Schiller Keys', 'Elissabury', '43001-1328', 'Croatia', 12, 437, NULL),
(448, '846 Grove Street', 'Rennerhaven', '43618', 'Guinea', 11, 438, NULL),
(449, '89609 The Orchard', 'Websterburgh', '50530', 'Uganda', 9, 439, NULL),
(450, '5905 Dooley Vista', 'Doviebury', '17432-6279', 'Israel', 1, 440, NULL),
(451, '5913 Hilbert Stream', 'West Louieworth', '85387', 'Comoros', 1, 441, NULL),
(452, '55572 Edd Way', 'West Lori', '41176-5209', 'Curacao', 7, 442, NULL),
(453, '298 Blaise Rest', 'Fort Aidanstad', '63568', 'Angola', 8, 443, NULL),
(454, '922 Ebony Path', 'Taliafurt', '05013-7548', 'Lesotho', 6, 444, NULL),
(455, '572 Windsor Avenue', 'East Brendonberg', '95606', 'Bouvet Island', 10, 445, NULL),
(456, '948 Hodkiewicz Extension', 'Fort Linnea', '95870-6222', 'Lao People\'s Democratic Republic', 2, 446, NULL),
(457, '2411 The Lane', 'Sophiaworth', '00591', 'Central African Republic', 1, 447, NULL),
(458, '15452 Bosco Branch', 'Kuhlmantown', '87128-9416', 'Armenia', 13, 448, NULL),
(459, '612 Elm Road', 'Lake Kaylee', '48461-7603', 'Virgin Islands, U.S.', 5, 449, NULL),
(460, '4872 Carole Flat', 'South Linda', '06527-0452', 'Moldova', 11, 450, NULL),
(461, '30587 Strosin Light', 'Janyland', '27748-6895', 'Djibouti', 12, 451, NULL),
(462, '824 Ratke Parks', 'Wichita Falls', '38386-8276', 'Bulgaria', 2, 452, NULL),
(463, '89054 Park View', 'Sheboygan', '19894-4160', 'Lesotho', 1, 453, NULL),
(464, '695 Sonia Oval', 'Dooleyboro', '90278-1897', 'Saint Barthelemy', 6, 454, NULL),
(465, '43113 Klocko Ports', 'Satterfieldside', '17796', 'Malawi', 7, 455, NULL),
(466, '4309 Hickory Street', 'Port Christ', '46178', 'Saint Martin', 3, 456, NULL),
(467, '15294 Considine Neck', 'West Jayda', '79106-6668', 'Chad', 8, 457, NULL),
(468, '530 Cumberland Street', 'New Rebahaven', '67240-3801', 'French Polynesia', 10, 458, NULL),
(469, '29799 Esteban Garden', 'Parkerview', '99787-0722', 'Qatar', 10, 459, NULL),
(470, '84078 Bluebell Close', 'East Marquise', '61978', 'Dominica', 1, 460, NULL),
(471, '459 Orlo Club', 'Jacobstown', '28940', 'Uganda', 4, 461, NULL),
(472, '15129 Manchester Road', 'Fort Dannieland', '06839-3420', 'Venezuela', 2, 462, NULL),
(473, '1255 Brandyn Courts', 'Ratketon', '39421', 'Lao People\'s Democratic Republic', 2, 463, NULL),
(474, '52400 Railroad Street', 'Erdmantown', '00057', 'Aruba', 7, 464, NULL),
(475, '79551 Metz Garden', 'Gilbert', '65649-8130', 'Ukraine', 8, 465, NULL),
(476, '93856 Kiehn Drive', 'New Rogers', '24655', 'United States Minor Outlying Islands', 3, 466, NULL),
(477, '68380 Arianna Parkways', 'Shermanfurt', '50890', 'Honduras', 11, 467, NULL),
(478, '500 Nat Groves', 'Andreanebury', '76592', 'Saint Kitts and Nevis', 11, 468, NULL),
(479, '41191 Theron Viaduct', 'East Robynfort', '55765', 'Fiji', 12, 469, NULL),
(480, '3247 Bartoletti Spurs', 'McCulloughside', '04544-1270', 'Cambodia', 11, 470, NULL),
(481, '671 Elbert Plaza', 'McKinney', '60988', 'Dominica', 12, 471, NULL),
(482, '3171 Kimberly Flats', 'Naperville', '65239', 'Tunisia', 2, 472, NULL),
(483, '481 Manor Gardens', 'East Rylan', '74422', 'Brunei Darussalam', 2, 473, NULL),
(484, '38111 Abernathy Station', 'Corvallis', '34860', 'Costa Rica', 8, 474, NULL),
(485, '1528 Frederick Fort', 'Blickberg', '39602', 'Mali', 9, 475, NULL),
(486, '567 Kuhic Canyon', 'South Carletonfurt', '15697-1735', 'Chile', 13, 476, NULL),
(487, '3419 Rickey Freeway', 'Rosalindton', '46884-5359', 'Isle of Man', 8, 477, NULL),
(488, '3869 Harrison Mills', 'Montebello', '41266', 'Angola', 3, 478, NULL),
(489, '15412 Ambrose Vista', 'Kuhlmanchester', '44850-7750', 'Bermuda', 11, 479, NULL),
(490, '49721 E Washington Avenue', 'Veumfort', '57687-5345', 'Maldives', 5, 480, NULL),
(491, '441 Hill Street', 'Toyview', '32974-0076', 'Grenada', 6, 481, NULL),
(492, '971 Nikolaus Divide', 'East Tom', '19406-3989', 'Vanuatu', 2, 482, NULL),
(493, '7457 Justina Falls', 'Kalebton', '24777-8034', 'Liberia', 13, 483, NULL),
(494, '445 Connelly Highway', 'Hellerville', '55955', 'New Zealand', 9, 484, NULL),
(495, '216 Nolan Brooks', 'Ocala', '41080', 'French Polynesia', 1, 485, NULL),
(496, '8055 A Street', 'Heaneyfort', '40563', 'Cameroon', 5, 486, NULL),
(497, '1634 O\'Hara Rapids', 'Port Monte', '12588-8102', 'Cocos (Keeling) Islands', 10, 487, NULL),
(498, '440 Cole Unions', 'South Orval', '05773-6729', 'Nepal', 1, 488, NULL),
(499, '906 S 9th Street', 'Port Shannaside', '65393', 'French Southern Territories', 10, 489, NULL),
(500, '18942 Juston Fords', 'Lehnerburgh', '06303-3269', 'Uzbekistan', 10, 490, NULL),
(501, '333 Rowe Ramp', 'Port Pierce', '42254', 'Brunei Darussalam', 13, 491, NULL),
(502, '939 Batz Groves', 'Port Deonstad', '24737-8246', 'Greece', 5, 492, NULL),
(503, '1288 E 11th Street', 'Predovicborough', '09672', 'Greenland', 1, 493, NULL),
(504, '41646 School Street', 'Altoona', '74597-3119', 'Suriname', 10, 494, NULL),
(505, '724 Bette Park', 'East Aiyanaland', '41616-7446', 'Jordan', 5, 495, NULL),
(506, '1293 West Lane', 'West Ayanacester', '10269', 'Maldives', 8, 496, NULL),
(507, '808 College Street', 'Zulaufhaven', '87614-1815', 'New Caledonia', 8, 497, NULL),
(508, '48585 Grove Road', 'Kokomo', '52800', 'New Caledonia', 7, 498, NULL),
(509, '9469 Merl Alley', 'Baileyfort', '21764-6084', 'Libyan Arab Jamahiriya', 12, 499, NULL),
(510, '67032 Lang Estates', 'Sawaynview', '57706', 'Greenland', 6, 500, NULL),
(511, '123 Rue de Paris', 'Paris', '75001', 'France', NULL, 501, NULL),
(512, '123 Rue de Paris', 'Paris', '75001', 'France', NULL, 502, NULL),
(513, '9 rue de la maladrerie', 'Aubervilliers', '93300', 'France', NULL, 503, NULL),
(514, '9 rue de la maladrerie', 'Aubervilliers', '93300', 'France', NULL, 504, NULL),
(515, '9 rue de la maladrerie', 'Aubervilliers', '93300', 'France', NULL, 505, NULL),
(516, '9 rue de la maladrerie', 'Aubervilliers', '93300', 'France', NULL, 506, NULL),
(517, '9 rue de la maladrerie', 'Aubervilliers', '93300', 'France', NULL, 507, NULL),
(518, '9 rue de la maladrerie', 'Aubervilliers', '93300', 'France', NULL, 508, NULL),
(519, '9 rue de la maladrerie', 'Aubervilliers', '93300', 'France', NULL, 509, NULL),
(520, '9 rue de la maladrerie', 'Aubervilliers', '93300', 'France', NULL, 510, NULL),
(521, '9 rue de la maladrerie', 'Aubervilliers', '93300', 'France', NULL, 511, NULL),
(522, '9 rue de la maladrerie', 'Aubervilliers', '93300', 'France', NULL, 512, NULL),
(523, '9 rue de la maladrerie', 'Aubervilliers', '93300', 'France', NULL, 513, NULL),
(524, '9 rue de la maladrerie', 'Aubervilliers', '93300', 'France', NULL, 514, NULL),
(525, '9 rue de la maladrerie', 'Aubervilliers', '93300', 'France', NULL, 515, NULL),
(526, '9 rue de la maladrerie', 'Aubervilliers', '93300', 'France', NULL, 516, NULL),
(527, '9 rue de la maladrerie', 'Aubervilliers', '93300', 'France', NULL, 517, NULL),
(528, '9 rue de la maladrerie', 'Aubervilliers', '93300', 'France', NULL, 518, NULL),
(529, '9 rue de la maladrerie', 'Aubervilliers', '93300', 'France', NULL, 519, NULL),
(530, '9 rue de la maladrerie', 'Aubervilliers', '93300', 'France', NULL, 520, NULL),
(531, '9 rue de la maladrerie', 'Aubervilliers', '93300', 'France', NULL, 521, NULL),
(532, '9 rue de la maladrerie', 'Aubervilliers', '93300', 'France', NULL, 522, NULL),
(533, '9 rue de la maladrerie', 'Aubervilliers', '93300', 'France', NULL, 523, NULL),
(534, '9 rue de la maladrerie', 'Aubervilliers', '93300', 'France', NULL, 524, NULL),
(535, '9 rue de la maladrerie', 'Aubervilliers', '93300', 'France', NULL, 525, NULL),
(536, '9 rue de la maladrerie', 'Aubervilliers', '93300', 'France', NULL, 526, NULL),
(537, '9 rue de la maladrerie', 'Aubervilliers', '93300', 'France', NULL, 527, NULL),
(538, '9 rue de la maladrerie', 'Aubervilliers', '93300', 'France', NULL, 528, NULL);

-- --------------------------------------------------------

--
-- Structure de la table `Log`
--

CREATE TABLE `Log` (
  `id` int NOT NULL,
  `action` varchar(191) COLLATE utf8mb4_unicode_ci NOT NULL,
  `metadata` json DEFAULT NULL,
  `createdAt` datetime(3) NOT NULL DEFAULT CURRENT_TIMESTAMP(3),
  `fk_userId` int NOT NULL
) ENGINE=InnoDB DEFAULT CHARSET=utf8mb4 COLLATE=utf8mb4_unicode_ci;

--
-- Déchargement des données de la table `Log`
--

INSERT INTO `Log` (`id`, `action`, `metadata`, `createdAt`, `fk_userId`) VALUES
(1, 'Admin account created', '{\"reason\": \"Seed script initialization\"}', '2025-01-23 14:20:04.020', 11),
(2, 'Magasinier account created', '{\"reason\": \"Seed script initialization\"}', '2025-01-23 14:20:04.295', 12),
(3, 'Magasinier account created', '{\"reason\": \"Seed script initialization\"}', '2025-01-23 14:20:04.481', 13),
(4, 'Magasinier account created', '{\"reason\": \"Seed script initialization\"}', '2025-01-23 14:20:04.639', 14);

-- --------------------------------------------------------

--
-- Structure de la table `Panier`
--

CREATE TABLE `Panier` (
  `id` int NOT NULL,
  `sessionId` varchar(191) COLLATE utf8mb4_unicode_ci DEFAULT NULL,
  `fk_userId` int DEFAULT NULL
) ENGINE=InnoDB DEFAULT CHARSET=utf8mb4 COLLATE=utf8mb4_unicode_ci;

--
-- Déchargement des données de la table `Panier`
--

INSERT INTO `Panier` (`id`, `sessionId`, `fk_userId`) VALUES
(1, NULL, NULL),
(2, NULL, 13),
(3, NULL, 14),
(4, NULL, NULL),
(5, NULL, NULL),
(6, NULL, 9),
(7, NULL, NULL),
(8, NULL, NULL),
(9, NULL, 12),
(10, NULL, NULL),
(11, NULL, 4),
(12, NULL, NULL),
(13, NULL, NULL),
(14, NULL, NULL),
(15, NULL, 3),
(16, NULL, 11),
(17, NULL, 7),
(18, NULL, 10),
(19, NULL, 2),
(20, NULL, 5),
(21, NULL, 6),
(22, NULL, 8),
(23, 'session-1737471027105', NULL),
(24, 'session-1737648410252', NULL),
(25, 'session-1737651543051', NULL),
(26, 'session-1737658753228', NULL),
(27, 'session-1737659043582', NULL),
(28, 'session-1737667940069', NULL),
(29, 'session-1737668105725', NULL),
(30, 'session-1737668237589', NULL),
(31, 'session-1737669983338', NULL),
(32, 'session-1737734260474', NULL),
(33, 'session-1737991822635', NULL),
(34, 'session-1737993576156', NULL),
(35, 'session-1737993777718', NULL),
(36, 'session-1737994620961', NULL),
(37, 'session-1738057482422', NULL),
(38, 'session-1738058109710', NULL),
(39, 'session-1738058526651', NULL),
(40, 'session-1738623845290', NULL),
(41, 'session-1738624452545', NULL),
(42, 'session-1738624636779', NULL),
(43, 'session-1738624768655', NULL),
(44, 'session-1738677818128', NULL),
(45, 'session-1738678259786', NULL),
(46, 'session-1738678714043', NULL),
(47, 'session-1738679084237', NULL),
(48, 'session-1738679303223', NULL),
(49, 'session-1738683750570', NULL),
(50, 'session-1738684402012', NULL),
(51, 'session-1738684846022', NULL),
(52, 'session-1738685106188', NULL),
(53, 'session-1738687083377', NULL),
(54, 'session-1738687450437', NULL),
(55, 'session-1738688220456', NULL);

-- --------------------------------------------------------

--
-- Structure de la table `Produit`
--

CREATE TABLE `Produit` (
  `id` int NOT NULL,
  `name` varchar(191) COLLATE utf8mb4_unicode_ci NOT NULL,
  `description` text COLLATE utf8mb4_unicode_ci NOT NULL,
  `imageid` int DEFAULT NULL,
  `prix` double NOT NULL,
  `slug` varchar(191) COLLATE utf8mb4_unicode_ci NOT NULL,
  `categorieId` int NOT NULL,
  `stock` int NOT NULL DEFAULT '0'
) ENGINE=InnoDB DEFAULT CHARSET=utf8mb4 COLLATE=utf8mb4_unicode_ci;

--
-- Déchargement des données de la table `Produit`
--

INSERT INTO `Produit` (`id`, `name`, `description`, `imageid`, `prix`, `slug`, `categorieId`, `stock`) VALUES
(1, 'Pommes de Normandie', 'Pommes fraîches et croquantes issues des vergers de Normandie, cultivées selon les méthodes traditionnelles.', 3, 3.99, 'pommes-de-normandie', 2, 0),
(2, 'Poires du Limousin', 'Poires juteuses et sucrées, idéales pour les desserts ou à consommer nature.', 4, 4.5, 'poires-du-limousin', 2, 0),
(3, 'Pruneaux d’Agen', 'Pruneaux d’Agen moelleux et sucrés, parfaits pour vos collations et recettes gourmandes.', 5, 5.99, 'pruneaux-dagen', 2, 0),
(4, 'Cerises de Provence', 'Cerises rouges et juteuses récoltées en Provence, idéales pour les clafoutis et desserts.', 6, 6.99, 'cerises-de-provence', 2, 0),
(5, 'Châtaignes d’Ardèche', 'Châtaignes grillées, parfaites pour l’automne, avec une saveur douce et délicate.', 7, 7.5, 'chataignes-dardeche', 2, 0),
(6, 'Camembert de Normandie AOP', 'Camembert au lait cru, produit selon la tradition Normande avec une pâte fondante.', 9, 5.99, 'camembert-de-normandie-aop', 3, 0),
(7, 'Roquefort AOP', 'Roquefort AOP, fromage à pâte persillée produit dans les caves naturelles de l’Aveyron.', 10, 7.5, 'roquefort-aop', 3, 0),
(8, 'Comté 18 mois', 'Comté affiné 18 mois, aux arômes fruités et subtils, idéal pour vos plateaux de fromages.', 11, 8.99, 'comte-18-mois', 3, 0),
(9, 'Reblochon de Savoie', 'Reblochon fermier au lait cru, parfait pour une tartiflette ou à déguster avec du pain frais.', 12, 6.99, 'reblochon-de-savoie', 3, 0),
(10, 'Chèvre frais du Poitou', 'Fromage de chèvre frais, doux et crémeux, produit artisanalement dans la région du Poitou.', 13, 4.99, 'chevre-frais-du-poitou', 3, 0),
(11, 'Saucisson sec d’Auvergne', 'Saucisson sec traditionnel, fabriqué à partir de porc élevé en plein air dans le Massif Central.', 15, 7.99, 'saucisson-sec-dauvergne', 4, 0),
(12, 'Jambon de Bayonne IGP', 'Jambon de Bayonne affiné selon la tradition, avec un goût légèrement salé et raffiné.', 16, 12.99, 'jambon-de-bayonne-igp', 4, 0),
(13, 'Rillettes du Mans', 'Rillettes de porc fondantes et onctueuses, parfaites pour vos toasts ou sandwichs.', 17, 6.99, 'rillettes-du-mans', 4, 0),
(14, 'Andouille de Guémené', 'Andouille de Guémené, une charcuterie fumée traditionnelle de Bretagne.', 18, 9.5, 'andouille-de-guemene', 4, 0),
(15, 'Pâté Basque', 'Pâté traditionnel du Pays Basque, relevé avec des piments doux pour un goût unique.', 19, 8.99, 'pate-basque', 4, 0),
(16, 'Bordeaux Supérieur', 'Vin rouge puissant, parfait pour accompagner des viandes rouges et fromages.', 21, 12.99, 'bordeaux-superieur', 5, 0),
(17, 'Sancerre Blanc', 'Vin blanc sec et minéral, idéal avec des fruits de mer et du poisson.', 22, 14.99, 'sancerre-blanc', 5, 0),
(18, 'Chablis', 'Vin blanc de Bourgogne, aux arômes de fruits blancs et de fleurs, parfait avec des crustacés.', 23, 19.99, 'chablis', 5, 0),
(19, 'Côtes du Rhône', 'Vin rouge généreux et épicé, excellent pour accompagner des plats mijotés et des grillades.', 24, 11.5, 'cotes-du-rhone', 5, 0),
(20, 'Rosé de Provence', 'Vin rosé frais et fruité, parfait pour les repas estivaux et les apéritifs.', 25, 9.99, 'rose-de-provence', 5, 0),
(21, 'Miel de Lavande de Provence', 'Miel doux et floral, produit par des apiculteurs de Provence.', 27, 7.99, 'miel-de-lavande-de-provence', 6, 0),
(22, 'Confiture de Mirabelles de Lorraine', 'Confiture artisanale à base de mirabelles, parfaite pour les petits-déjeuners gourmands.', 28, 6.5, 'confiture-de-mirabelles-de-lorraine', 6, 0),
(23, 'Huile d’Olive de Nyons', 'Huile d’olive extra vierge, produite dans les oliveraies de Nyons.', 29, 14.99, 'huile-dolive-de-nyons', 6, 0),
(24, 'Piment d’Espelette AOP', 'Piment d’Espelette, une épice douce et parfumée qui relève vos plats avec finesse.', 30, 5.99, 'piment-despelette-aop', 6, 0),
(25, 'Sel de Guérande', 'Sel de Guérande récolté à la main, non raffiné, parfait pour toutes vos préparations culinaires.', 31, 4.99, 'sel-de-guerande', 6, 0),
(26, 'Pommes Bio', 'Pommes fraîches et biologiques, issues de vergers locaux certifiés bio.', 34, 3.49, 'pommes-bio', 8, 0),
(27, 'Carottes de saison', 'Carottes croquantes, cultivées sans pesticides, parfaites pour les soupes ou à croquer.', 35, 2.99, 'carottes-de-saison', 8, 0),
(28, 'Salade Verte Bio', 'Salade fraîche et croquante, cultivée sans produits chimiques.', 36, 2.5, 'salade-verte-bio', 8, 0),
(29, 'Tomates Cœur de Bœuf', 'Tomates charnues et savoureuses, parfaites pour les salades ou à cuire.', 37, 4.99, 'tomates-cur-de-buf', 8, 0),
(30, 'Poivrons tricolores', 'Un assortiment de poivrons rouges, verts et jaunes, riches en vitamines.', 38, 3.99, 'poivrons-tricolores', 8, 0),
(31, 'Champignons de Paris', 'Champignons frais, cultivés localement, parfaits pour accompagner vos plats.', 39, 4.5, 'champignons-de-paris', 8, 0),
(32, 'Poulet Fermier', 'Poulet fermier élevé en plein air, tendre et juteux, idéal pour un repas en famille.', 41, 13.99, 'poulet-fermier', 9, 0),
(33, 'Saumon Atlantique', 'Saumon frais issu des pêcheries durables de l’Atlantique, parfait pour les grillades.', 42, 19.99, 'saumon-atlantique', 9, 0),
(34, 'Côte de Bœuf', 'Côte de bœuf de qualité supérieure, idéale pour les barbecues.', 43, 25.99, 'cote-de-buf', 9, 0),
(35, 'Darnes de Thon', 'Thon frais pêché à la ligne, à griller ou poêler pour un plat raffiné.', 44, 17.99, 'darnes-de-thon', 9, 0),
(36, 'Agneau Bio', 'Viande d’agneau biologique, tendre et savoureuse, parfaite pour les plats mijotés.', 45, 22.5, 'agneau-bio', 9, 0),
(37, 'Lait Demi-écrémé', 'Lait demi-écrémé, fraîchement collecté et embouteillé dans une ferme locale.', 47, 1.5, 'lait-demi-ecreme', 10, 0),
(38, 'Yaourt Nature Bio', 'Yaourt nature biologique, sans additifs ni conservateurs.', 48, 0.99, 'yaourt-nature-bio', 10, 0),
(39, 'Crème Fraîche Épaisse', 'Crème fraîche épaisse, parfaite pour vos plats et desserts.', 49, 2.5, 'creme-fraiche-epaisse', 10, 0),
(40, 'Beurre demi-sel', 'Beurre demi-sel fabriqué de manière artisanale, idéal pour tartiner ou cuisiner.', 50, 2.99, 'beurre-demi-sel', 10, 0),
(41, 'Fromage blanc fermier', 'Fromage blanc frais et onctueux, idéal en dessert ou avec des fruits frais.', 51, 3.5, 'fromage-blanc-fermier', 10, 0),
(42, 'Jambon de Pays', 'Jambon de pays affiné, tranché fin pour une saveur intense et authentique.', 53, 4.99, 'jambon-de-pays', 11, 0),
(43, 'Terrine de Campagne', 'Terrine de campagne faite maison, idéale en entrée ou pour un apéritif convivial.', 54, 6.5, 'terrine-de-campagne', 11, 0),
(44, 'Saucisse sèche artisanale', 'Saucisse sèche fabriquée de manière artisanale avec un goût intense.', 55, 8.99, 'saucisse-seche-artisanale', 11, 0),
(45, 'Quiche Lorraine', 'Quiche Lorraine artisanale, préparée avec des ingrédients frais et locaux.', 56, 7.99, 'quiche-lorraine', 11, 0),
(46, 'Salade de lentilles et saumon fumé', 'Plat traiteur frais, idéal pour un repas équilibré et savoureux.', 57, 9.5, 'salade-de-lentilles-et-saumon-fume', 11, 0),
(47, 'Carottes Bio', 'Carottes bio cultivées sans pesticides, idéales pour les soupes ou à croquer crues.', 60, 2.99, 'carottes-bio', 13, 0),
(48, 'Tomates Bio', 'Tomates biologiques juteuses, parfaites pour les salades ou à cuire.', 61, 3.49, 'tomates-bio', 13, 0),
(49, 'Pommes de terre Bio', 'Pommes de terre bio, parfaites pour accompagner vos plats de viande ou poissons.', 62, 3.99, 'pommes-de-terre-bio', 13, 0),
(50, 'Courgettes Bio', 'Courgettes fraîches et croquantes, cultivées en pleine terre sans produits chimiques.', 63, 4.5, 'courgettes-bio', 13, 0),
(51, 'Poires Bio', 'Poires bio sucrées, idéales pour les desserts ou à consommer en collation.', 64, 4.2, 'poires-bio', 13, 0),
(52, 'Poulet Bio', 'Poulet fermier biologique, élevé en plein air avec une alimentation 100% bio.', 66, 14.99, 'poulet-bio', 14, 0),
(53, 'Bœuf Bio', 'Viande de bœuf bio, tendre et savoureuse, idéale pour les grillades ou les rôtis.', 67, 22.5, 'buf-bio', 14, 0),
(55, 'Saucisses Bio', 'Saucisses fraîches bio, préparées avec des ingrédients naturels, sans conservateurs.', 69, 9.99, 'saucisses-bio', 14, 0),
(56, 'Lait Bio', 'Lait biologique demi-écrémé, sans OGM ni additifs.', 71, 1.8, 'lait-bio', 15, 0),
(58, 'Crème Fraîche Bio', 'Crème fraîche épaisse bio, idéale pour cuisiner ou accompagner vos plats.', 73, 2.99, 'creme-fraiche-bio', 15, 0),
(59, 'Beurre Bio', 'Beurre bio demi-sel, fabriqué à partir de lait biologique, parfait pour tartiner.', 74, 3.5, 'beurre-bio', 15, 0),
(60, 'Fromage de Chèvre Bio', 'Fromage de chèvre bio, doux et crémeux, idéal pour vos salades et apéritifs.', 75, 5.99, 'fromage-de-chevre-bio', 15, 0),
(61, 'Jus de pomme Bio', 'Jus de pomme bio, sans sucres ajoutés, élaboré à partir de pommes 100% biologiques.', 77, 3.5, 'jus-de-pomme-bio', 16, 0),
(62, 'Thé Vert Bio', 'Thé vert biologique récolté dans des fermes durables, idéal pour une pause saine.', 78, 4.99, 'the-vert-bio', 16, 0),
(63, 'Café Bio en grains', 'Café en grains bio, issu de l’agriculture biologique, pour un goût riche et intense.', 79, 6.99, 'cafe-bio-en-grains', 16, 0),
(64, 'Jus d’orange Bio', 'Jus d’orange bio pressé à froid, sans additifs, riche en vitamine C.', 80, 4.5, 'jus-dorange-bio', 16, 0),
(65, 'Smoothie Bio aux Fruits Rouges', 'Smoothie bio aux fruits rouges, sans sucres ajoutés, idéal pour un petit-déjeuner sain.', 81, 5.5, 'smoothie-bio-aux-fruits-rouges', 16, 0),
(66, 'Spaghetti Bio', 'Spaghetti biologiques, idéals pour vos plats italiens et respectueux de l\'environnement.', 84, 2.99, 'spaghetti-bio', 18, 0),
(67, 'Riz Basmati', 'Riz basmati long grain, parfumé et léger, idéal pour accompagner vos plats de curry ou autres recettes exotiques.', 85, 3.49, 'riz-basmati', 18, 0),
(68, 'Penne Rigate', 'Penne rigate, parfaites pour les sauces riches comme la sauce tomate ou la sauce à la crème.', 86, 2.89, 'penne-rigate', 18, 0),
(69, 'Riz Complet', 'Riz complet, riche en fibres et en nutriments, idéal pour des repas sains et équilibrés.', 87, 3.99, 'riz-complet', 18, 0),
(70, 'Couscous', 'Couscous de blé, parfait pour les recettes traditionnelles nord-africaines, à servir avec des légumes ou de la viande.', 88, 2.79, 'couscous', 18, 0),
(71, 'Sauce Tomate Bio', 'Sauce tomate biologique, idéale pour les pâtes ou pizzas.', 90, 4.5, 'sauce-tomate-bio', 19, 0),
(72, 'Vinaigre Balsamique', 'Vinaigre balsamique traditionnel, parfait pour vos salades.', 91, 5.99, 'vinaigre-balsamique', 19, 0),
(73, 'Huile d\'Olive Bio', 'Huile d\'olive extra vierge, riche en goût et parfaite pour vos plats méditerranéens.', 92, 8.49, 'huile-dolive-bio', 19, 0),
(74, 'Moutarde de Dijon', 'Moutarde de Dijon traditionnelle, idéale pour vos viandes et sauces.', 93, 2.49, 'moutarde-de-dijon', 19, 0),
(75, 'Sel de Mer', 'Sel de mer naturel, pour assaisonner tous vos plats.', 95, 1.99, 'sel-de-mer', 20, 0),
(76, 'Poivre Noir', 'Poivre noir moulu de qualité supérieure, idéal pour vos plats salés.', 96, 2.99, 'poivre-noir', 20, 0),
(77, 'Paprika Fumé', 'Paprika fumé, idéal pour les plats épicés ou les grillades.', 97, 3.29, 'paprika-fume', 20, 0),
(78, 'Herbes de Provence', 'Mélange d\'herbes de Provence séchées, parfait pour les plats méditerranéens.', 98, 3.99, 'herbes-de-provence', 20, 0),
(79, 'Tomates Concassées', 'Tomates concassées en conserve, parfaites pour les sauces et les plats cuisinés.', 100, 2.49, 'tomates-concassees', 21, 0),
(80, 'Pois Chiches', 'Pois chiches en conserve, idéals pour les salades, couscous ou houmous.', 101, 2.99, 'pois-chiches', 21, 0),
(81, 'Maïs en Conserve', 'Maïs en conserve, délicieux pour accompagner vos salades ou vos plats mexicains.', 102, 1.99, 'mais-en-conserve', 21, 0),
(82, 'Thon à l\'Huile', 'Thon en conserve, préparé dans de l\'huile d\'olive, parfait pour les salades ou les pâtes.', 103, 3.99, 'thon-a-lhuile', 21, 0),
(83, 'Baguette Tradition', 'Baguette croustillante préparée chaque matin, parfaite pour tous vos repas.', 106, 1.2, 'baguette-tradition', 23, 0),
(84, 'Pain Complet', 'Pain complet riche en fibres, idéal pour une alimentation équilibrée.', 107, 2.5, 'pain-complet', 23, 0),
(85, 'Pain de Campagne', 'Pain rustique à la croûte dorée et à la mie moelleuse, fabriqué selon la tradition.', 108, 3, 'pain-de-campagne', 23, 0),
(86, 'Pain aux Noix', 'Pain artisanal garni de noix, idéal pour accompagner des fromages.', 109, 4, 'pain-aux-noix', 23, 0),
(87, 'Pain Multigrains', 'Pain fait maison, garni de graines variées pour un goût authentique et croquant.', 110, 3.5, 'pain-multigrains', 23, 0),
(88, 'Croissant au Beurre', 'Croissant doré et feuilleté, préparé avec du beurre de qualité.', 112, 1.5, 'croissant-au-beurre', 24, 0),
(89, 'Pain au Chocolat', 'Pain au chocolat moelleux, parfait pour un petit-déjeuner gourmand.', 113, 1.7, 'pain-au-chocolat', 24, 0),
(90, 'Chausson aux Pommes', 'Viennoiserie garnie de pommes fondantes, idéale pour une pause sucrée.', 114, 2, 'chausson-aux-pommes', 24, 0),
(91, 'Brioche Tressée', 'Brioche moelleuse et légèrement sucrée, parfaite pour accompagner vos confitures.', 115, 4.5, 'brioche-tressee', 24, 0),
(92, 'Pain aux Raisins', 'Viennoiserie roulée avec des raisins secs et une crème pâtissière onctueuse.', 116, 1.8, 'pain-aux-raisins', 24, 0),
(93, 'Éclair au Chocolat', 'Éclair garni d’une crème au chocolat onctueuse, avec un glaçage fondant.', 118, 2.5, 'eclair-au-chocolat', 25, 0),
(94, 'Tarte aux Fraises', 'Tarte fine garnie de fraises fraîches et d’une crème pâtissière délicate.', 119, 3.5, 'tarte-aux-fraises', 25, 0),
(95, 'Millefeuille', 'Feuilleté léger et croustillant avec une crème pâtissière vanillée entre les couches.', 120, 3, 'millefeuille', 25, 0),
(96, 'Tartelette Citron Meringuée', 'Tartelette avec une base de pâte sablée, une crème au citron acidulée et une meringue dorée.', 121, 3.2, 'tartelette-citron-meringuee', 25, 0),
(97, 'Macaron Framboise', 'Macaron moelleux avec une ganache à la framboise, pour une explosion de saveurs.', 122, 1.8, 'macaron-framboise', 25, 0),
(98, 'Liquide Vaisselle Écologique', 'Liquide vaisselle biodégradable, sans phosphates, pour un lavage efficace et respectueux de l’environnement.', 125, 3.99, 'liquide-vaisselle-ecologique', 27, 0),
(99, 'Lessive en Poudre', 'Lessive en poudre concentrée, idéale pour le linge blanc et couleurs, à base d’agents nettoyants d’origine naturelle.', 126, 9.5, 'lessive-en-poudre', 27, 0),
(100, 'Nettoyant Multi-surfaces', 'Nettoyant multi-surfaces, efficace sur toutes les surfaces lavables, pour une maison propre et éclatante.', 127, 5.2, 'nettoyant-multi-surfaces', 27, 0),
(101, 'Désodorisant Naturel', 'Désodorisant en spray à base d’huiles essentielles, pour un intérieur frais et agréable.', 128, 4.99, 'desodorisant-naturel', 27, 0),
(102, 'Éponges Compostables', 'Éponges écologiques, compostables, fabriquées à partir de matériaux naturels.', 129, 2.5, 'eponges-compostables', 27, 0),
(103, 'Gel Douche Bio', 'Gel douche hydratant, formulé à base d’ingrédients biologiques pour un soin tout en douceur.', 131, 6.5, 'gel-douche-bio', 28, 0),
(104, 'Shampoing Solide', 'Shampoing solide sans sulfates, parfait pour nourrir et fortifier vos cheveux tout en respectant l’environnement.', 132, 8, 'shampoing-solide', 28, 0),
(105, 'Savon de Marseille', 'Savon traditionnel de Marseille, idéal pour le corps et les mains, fabriqué à base d’huiles végétales.', 133, 3.2, 'savon-de-marseille', 28, 0),
(106, 'Brosse à Dents en Bambou', 'Brosse à dents écologique en bambou, avec des poils souples pour un brossage tout en douceur.', 134, 2.99, 'brosse-a-dents-en-bambou', 28, 0),
(107, 'Déodorant Naturel', 'Déodorant à base de bicarbonate et d’huiles essentielles, sans aluminium, pour une protection efficace.', 135, 7.5, 'deodorant-naturel', 28, 0),
(108, 'Lessive Liquide Éco-responsable', 'Lessive liquide éco-responsable, respectueuse des peaux sensibles et de l’environnement.', 137, 10.99, 'lessive-liquide-eco-responsable', 29, 0),
(109, 'Produit Vaisselle Rechargeable', 'Produit vaisselle concentré dans une bouteille rechargeable, pour un impact réduit sur l’environnement.', 138, 5, 'produit-vaisselle-rechargeable', 29, 0),
(110, 'Nettoyant Sols Naturel', 'Nettoyant sols naturel à base d’agents nettoyants dérivés de plantes, pour des sols impeccables et un air sain.', 139, 6.99, 'nettoyant-sols-naturel', 29, 0),
(111, 'Recharge de Savon Liquide', 'Recharge de savon liquide bio pour réduire les déchets plastiques tout en prenant soin de votre peau.', 140, 4.5, 'recharge-de-savon-liquide', 29, 0),
(112, 'Bicarbonate de Soude', 'Bicarbonate de soude multi-usages pour l’entretien de la maison, sans produits chimiques.', 141, 3, 'bicarbonate-de-soude', 29, 0),
(113, 'Balai Microfibre', 'Balai microfibre avec tête pivotante, idéal pour capturer la poussière et la saleté sans effort.', 143, 12.99, 'balai-microfibre', 30, 0),
(114, 'Gants Ménagers Écologiques', 'Gants ménagers en caoutchouc naturel, résistants et confortables pour protéger vos mains lors du nettoyage.', 144, 4.5, 'gants-menagers-ecologiques', 30, 0),
(115, 'Seau Pliable', 'Seau pliable en silicone, idéal pour un gain de place dans vos placards.', 145, 9.99, 'seau-pliable', 30, 0),
(116, 'Lavettes Réutilisables', 'Lavettes réutilisables en tissu, lavables en machine pour un nettoyage efficace et durable.', 146, 5.5, 'lavettes-reutilisables', 30, 0),
(117, 'Brosse WC en Bambou', 'Brosse WC en bambou avec support, élégante et écologique pour vos sanitaires.', 147, 6.99, 'brosse-wc-en-bambou', 30, 0),
(118, 'Robe d\'Été Fleurie', 'Robe légère et fluide avec un imprimé floral, parfaite pour les journées ensoleillées.', 150, 29.99, 'robe-dete-fleurie', 32, 0),
(119, 'Jean Slim Taille Haute', 'Jean slim classique, taille haute, avec une coupe flatteuse pour toutes les morphologies.', 151, 49.99, 'jean-slim-taille-haute', 32, 0),
(120, 'Pull en Cachemire', 'Pull doux en cachemire, idéal pour les jours frais, offrant confort et élégance.', 152, 89.99, 'pull-en-cachemire', 32, 0),
(121, 'Bracelet en Perles', 'Bracelet en perles naturelles, conçu pour sublimer votre poignet avec une touche élégante.', 154, 15.99, 'bracelet-en-perles', 33, 0),
(122, 'Collier Pendentif Coeur', 'Collier avec pendentif en forme de cœur, un bijou romantique pour toutes les occasions.', 155, 19.99, 'collier-pendentif-coeur', 33, 0),
(123, 'Boucles d\'Oreilles Créoles', 'Boucles d\'oreilles créoles dorées, un accessoire intemporel pour un look chic.', 156, 12.99, 'boucles-doreilles-creoles', 33, 0),
(124, 'Sac Bandoulière en Cuir', 'Sac en cuir véritable avec bandoulière ajustable, parfait pour un style urbain et élégant.', 158, 59.99, 'sac-bandouliere-en-cuir', 34, 0),
(125, 'Pochette de Soirée', 'Pochette élégante pour les soirées et occasions spéciales, avec des détails scintillants.', 159, 34.99, 'pochette-de-soiree', 34, 0),
(126, 'Sac Cabas en Toile', 'Sac cabas spacieux en toile, idéal pour transporter vos essentiels au quotidien.', 160, 24.99, 'sac-cabas-en-toile', 34, 0),
(127, 'Montre Classique en Acier', 'Montre avec bracelet en acier inoxydable, style classique et intemporel.', 162, 129.99, 'montre-classique-en-acier', 35, 0),
(128, 'Montre Connectée Sport', 'Montre connectée avec suivi des activités, idéale pour les sportifs.', 163, 89.99, 'montre-connectee-sport', 35, 0),
(129, 'Montre Cuir Vintage', 'Montre avec bracelet en cuir vintage, pour un style élégant et rétro.', 164, 79.99, 'montre-cuir-vintage', 35, 0),
(130, 'Valise Rigide Cabine', 'Valise rigide taille cabine, résistante aux chocs, idéale pour les voyages en avion.', 166, 99.99, 'valise-rigide-cabine', 36, 0),
(131, 'Sac de Voyage Weekender', 'Sac de voyage en toile, spacieux et pratique pour les escapades de fin de semaine.', 167, 49.99, 'sac-de-voyage-weekender', 36, 0),
(132, 'Set de Valises', 'Set de trois valises de différentes tailles, idéal pour les longs voyages.', 168, 199.99, 'set-de-valises', 36, 0);

-- --------------------------------------------------------

--
-- Structure de la table `QuantiteCommande`
--

CREATE TABLE `QuantiteCommande` (
  `id` int NOT NULL,
  `quantite` int NOT NULL,
  `prix` double NOT NULL,
  `fk_commande` int NOT NULL,
  `fk_produit` int NOT NULL
) ENGINE=InnoDB DEFAULT CHARSET=utf8mb4 COLLATE=utf8mb4_unicode_ci;

--
-- Déchargement des données de la table `QuantiteCommande`
--

INSERT INTO `QuantiteCommande` (`id`, `quantite`, `prix`, `fk_commande`, `fk_produit`) VALUES
(1, 1, 0.99, 1, 38),
(2, 5, 1.5, 1, 37),
(3, 3, 3.2, 1, 96),
(4, 5, 6.99, 2, 117),
(5, 1, 10.99, 2, 108),
(6, 1, 5.99, 2, 72),
(7, 2, 19.99, 3, 122),
(8, 4, 49.99, 3, 131),
(9, 2, 6.5, 3, 22),
(10, 5, 1.99, 4, 81),
(11, 4, 4.99, 4, 29),
(12, 3, 15.99, 4, 121),
(13, 3, 12.99, 5, 32),
(14, 1, 6.99, 5, 117),
(15, 5, 2.49, 5, 74),
(16, 1, 2.99, 6, 40),
(17, 5, 129.99, 6, 127),
(18, 3, 4, 6, 86),
(19, 4, 4.2, 7, 51),
(20, 2, 2.99, 7, 40),
(21, 3, 3.99, 7, 1),
(22, 3, 5.99, 8, 72),
(23, 3, 4.99, 8, 62),
(24, 3, 2.99, 8, 66),
(25, 2, 6.99, 9, 117),
(26, 5, 12.99, 9, 16),
(27, 5, 12.99, 9, 32),
(28, 1, 4.99, 10, 101),
(29, 4, 2.99, 10, 58),
(30, 5, 2.5, 10, 84),
(31, 4, 4.5, 11, 91),
(32, 3, 5, 11, 109),
(33, 3, 14.99, 11, 17),
(34, 5, 9.5, 12, 14),
(35, 3, 3, 12, 85),
(36, 2, 19.99, 12, 33),
(37, 4, 19.99, 13, 33),
(38, 1, 2.5, 13, 84),
(39, 5, 6.99, 13, 4),
(40, 2, 4.5, 14, 71),
(41, 5, 5.99, 14, 24),
(42, 2, 3.99, 14, 1),
(43, 1, 1.2, 15, 83),
(44, 5, 89.99, 15, 120),
(45, 1, 2.99, 15, 58),
(46, 3, 8.99, 16, 8),
(47, 2, 4.99, 16, 101),
(48, 5, 19.99, 16, 33),
(49, 3, 12.99, 17, 12),
(50, 5, 4.99, 17, 25),
(51, 2, 2.5, 17, 39),
(52, 1, 4.5, 18, 50),
(53, 2, 19.99, 18, 18),
(54, 1, 14.99, 18, 52),
(55, 3, 3.49, 19, 48),
(56, 1, 7.5, 19, 5),
(57, 1, 6.99, 19, 110),
(58, 5, 25.99, 20, 34),
(59, 4, 3.5, 20, 59),
(60, 3, 3.49, 20, 67),
(61, 1, 5.5, 21, 65),
(62, 3, 9.5, 21, 46),
(63, 4, 5.99, 21, 60),
(64, 3, 2.5, 22, 102),
(65, 1, 22.5, 22, 53),
(66, 3, 4.5, 22, 64),
(67, 3, 3.99, 23, 30),
(68, 3, 3.49, 23, 26),
(69, 4, 3.2, 23, 105),
(70, 2, 1.99, 24, 75),
(71, 3, 49.99, 24, 119),
(72, 2, 4.5, 24, 2),
(73, 1, 1.5, 25, 88),
(74, 2, 7.5, 25, 7),
(75, 3, 79.99, 25, 129),
(76, 1, 4.99, 26, 25),
(77, 4, 14.99, 26, 17),
(78, 3, 3.5, 26, 94),
(79, 3, 3.99, 27, 78),
(80, 5, 9.99, 27, 55),
(81, 1, 29.99, 27, 118),
(82, 2, 8.99, 28, 8),
(83, 4, 2.99, 28, 58),
(84, 5, 4.99, 28, 29),
(85, 5, 4.2, 29, 51),
(86, 3, 34.99, 29, 125),
(87, 5, 5, 29, 109),
(88, 2, 22.5, 30, 36),
(89, 1, 12.99, 30, 113),
(90, 1, 4.99, 30, 101),
(91, 4, 3.2, 31, 96),
(92, 5, 4.5, 31, 111),
(93, 3, 1.5, 31, 37),
(94, 2, 3.2, 32, 105),
(95, 2, 5.99, 32, 3),
(96, 1, 9.99, 32, 55),
(97, 4, 15.99, 33, 121),
(98, 3, 24.99, 33, 126),
(99, 1, 5.99, 33, 60),
(100, 1, 7.5, 34, 7),
(101, 2, 4.99, 34, 42),
(102, 3, 59.99, 34, 124),
(103, 2, 2.99, 35, 76),
(104, 2, 8.49, 35, 73),
(105, 4, 4.5, 35, 31),
(106, 2, 14.99, 36, 23),
(107, 4, 99.99, 36, 130),
(108, 5, 2.99, 36, 80),
(109, 5, 1.99, 37, 75),
(110, 4, 5.99, 37, 6),
(111, 4, 5.5, 37, 65),
(112, 3, 4.5, 38, 50),
(113, 1, 6.5, 38, 103),
(114, 1, 4.5, 38, 91),
(115, 5, 3, 39, 85),
(116, 5, 22.5, 39, 53),
(117, 5, 7.5, 39, 5),
(118, 2, 3.99, 40, 78),
(119, 4, 7.99, 40, 11),
(120, 5, 8, 40, 104),
(121, 4, 8, 41, 104),
(122, 1, 4.99, 41, 25),
(123, 1, 7.5, 41, 5),
(124, 5, 2.5, 42, 102),
(125, 2, 4.99, 42, 101),
(126, 4, 49.99, 42, 119),
(127, 3, 8.99, 43, 15),
(128, 4, 19.99, 43, 122),
(129, 4, 3.99, 43, 98),
(130, 2, 7.5, 44, 5),
(131, 1, 6.5, 44, 43),
(132, 5, 4.99, 44, 42),
(133, 1, 7.99, 45, 21),
(134, 5, 2.99, 45, 76),
(135, 2, 9.5, 45, 14),
(136, 2, 34.99, 46, 125),
(137, 5, 1.99, 46, 75),
(138, 5, 3.99, 46, 69),
(139, 1, 5.99, 47, 72),
(140, 4, 4, 47, 86),
(141, 1, 2.5, 47, 93),
(142, 4, 4.5, 48, 114),
(143, 5, 5.99, 48, 60),
(144, 1, 19.99, 48, 122),
(145, 3, 2.5, 49, 39),
(146, 5, 3.2, 49, 105),
(147, 4, 19.99, 49, 18),
(148, 4, 14.99, 50, 23),
(149, 4, 7.5, 50, 107),
(150, 4, 5.99, 50, 60),
(151, 3, 2.99, 51, 40),
(152, 4, 3.2, 51, 96),
(153, 4, 3.5, 51, 41),
(154, 1, 3.49, 52, 48),
(155, 4, 9.5, 52, 99),
(156, 1, 4.5, 52, 50),
(157, 2, 4.5, 53, 31),
(158, 2, 8.99, 53, 44),
(159, 1, 11.5, 53, 19),
(160, 5, 4.99, 54, 25),
(161, 4, 2.99, 54, 76),
(162, 1, 34.99, 54, 125),
(163, 4, 24.99, 55, 126),
(164, 4, 4.2, 55, 51),
(165, 2, 6.99, 55, 63),
(166, 1, 4.5, 56, 91),
(167, 4, 1.7, 56, 89),
(168, 4, 6.99, 56, 117),
(169, 4, 89.99, 57, 128),
(170, 3, 24.99, 57, 126),
(171, 2, 22.5, 57, 36),
(172, 1, 19.99, 58, 18),
(173, 4, 9.5, 58, 46),
(174, 1, 1.2, 58, 83),
(175, 5, 14.99, 59, 52),
(176, 1, 2.99, 59, 106),
(177, 2, 5.2, 59, 100),
(178, 3, 2.49, 60, 79),
(179, 2, 2.99, 60, 47),
(180, 5, 3.99, 60, 78),
(181, 4, 6.99, 61, 4),
(182, 2, 12.99, 61, 113),
(183, 3, 4.5, 61, 114),
(184, 3, 0.99, 62, 38),
(185, 5, 12.99, 62, 32),
(186, 5, 3.2, 62, 105),
(187, 3, 5.99, 63, 24),
(188, 1, 5.2, 63, 100),
(189, 3, 15.99, 63, 121),
(190, 4, 10.99, 64, 108),
(191, 5, 9.99, 64, 55),
(192, 5, 2.99, 64, 58),
(193, 3, 4.5, 65, 2),
(194, 3, 4.99, 65, 101),
(195, 3, 4.5, 65, 91),
(196, 3, 3.99, 66, 78),
(197, 1, 3.2, 66, 105),
(198, 2, 2.49, 66, 74),
(199, 3, 4.99, 67, 25),
(200, 4, 14.99, 67, 17),
(201, 5, 9.99, 67, 115),
(202, 1, 6.99, 68, 110),
(203, 5, 4.5, 68, 71),
(204, 2, 3.2, 68, 105),
(205, 5, 6.99, 69, 9),
(206, 1, 5.99, 69, 24),
(207, 4, 6.5, 69, 22),
(208, 3, 2.5, 70, 102),
(209, 1, 3.99, 70, 69),
(210, 2, 3.5, 70, 61),
(211, 1, 4.5, 71, 114),
(212, 1, 4.5, 71, 111),
(213, 1, 6.99, 71, 63),
(214, 5, 8, 72, 104),
(215, 4, 6.99, 72, 117),
(216, 3, 11.5, 72, 19),
(217, 1, 14.99, 73, 17),
(218, 5, 4.2, 73, 51),
(219, 3, 99.99, 73, 130),
(220, 3, 1.5, 74, 88),
(221, 1, 49.99, 74, 131),
(222, 3, 99.99, 74, 130),
(223, 5, 2, 75, 90),
(224, 4, 3, 75, 85),
(225, 4, 5.5, 75, 116),
(226, 3, 3.5, 76, 61),
(227, 2, 4.5, 76, 50),
(228, 3, 6.99, 76, 13),
(229, 2, 6.5, 77, 22),
(230, 2, 1.2, 77, 83),
(231, 2, 1.7, 77, 89),
(232, 4, 11.5, 78, 19),
(233, 4, 9.99, 78, 20),
(234, 5, 9.99, 78, 55),
(235, 3, 8.99, 79, 8),
(236, 2, 6.99, 79, 4),
(237, 5, 4.2, 79, 51),
(238, 2, 6.99, 80, 63),
(239, 2, 12.99, 80, 113),
(240, 5, 3.5, 80, 94),
(241, 3, 7.99, 81, 21),
(242, 3, 1.8, 81, 92),
(243, 4, 79.99, 81, 129),
(244, 3, 3.5, 82, 94),
(245, 4, 8.99, 82, 8),
(246, 3, 6.99, 82, 63),
(247, 5, 34.99, 83, 125),
(248, 2, 2.49, 83, 79),
(249, 3, 17.99, 83, 35),
(250, 5, 12.99, 84, 16),
(251, 3, 12.99, 84, 113),
(252, 4, 4.5, 84, 31),
(253, 1, 7.99, 85, 11),
(254, 4, 2.99, 85, 80),
(255, 3, 3.99, 85, 30),
(256, 2, 6.99, 86, 4),
(257, 3, 12.99, 86, 16),
(258, 3, 5.99, 86, 72),
(259, 4, 19.99, 87, 33),
(260, 4, 6.99, 87, 13),
(261, 2, 4.99, 87, 29),
(262, 2, 12.99, 88, 16),
(263, 4, 5.99, 88, 6),
(264, 5, 4.5, 88, 91),
(265, 1, 6.5, 89, 43),
(266, 5, 5.5, 89, 116),
(267, 4, 2.99, 89, 106),
(268, 5, 3.49, 90, 67),
(269, 1, 19.99, 90, 33),
(270, 3, 2.5, 90, 93),
(271, 4, 14.99, 91, 52),
(272, 3, 2.49, 91, 79),
(273, 5, 2.5, 91, 28),
(274, 2, 6.99, 92, 117),
(275, 5, 99.99, 92, 130),
(276, 3, 3.99, 92, 78),
(277, 1, 22.5, 93, 36),
(278, 2, 129.99, 93, 127),
(279, 3, 1.5, 93, 88),
(280, 3, 2.99, 94, 27),
(281, 3, 9.99, 94, 115),
(282, 3, 79.99, 94, 129),
(283, 1, 4.5, 95, 111),
(284, 4, 5.99, 95, 24),
(285, 2, 59.99, 95, 124),
(286, 2, 2.5, 96, 102),
(287, 1, 4.99, 96, 10),
(288, 4, 6.99, 96, 4),
(289, 5, 2, 97, 90),
(290, 1, 2.99, 97, 27),
(291, 5, 1.7, 97, 89),
(292, 4, 3.99, 98, 69),
(293, 1, 8.99, 98, 8),
(294, 2, 89.99, 98, 120),
(295, 5, 2.99, 99, 80),
(296, 1, 2.89, 99, 68),
(297, 2, 2.49, 99, 74),
(298, 5, 2.99, 100, 106),
(299, 5, 5, 100, 109),
(300, 4, 1.99, 100, 75),
(301, 1, 1.99, 101, 81),
(302, 5, 4.5, 101, 111),
(303, 2, 5.99, 101, 3),
(304, 2, 12.99, 102, 113),
(305, 5, 6.5, 102, 43),
(306, 3, 14.99, 102, 52),
(307, 3, 2.49, 103, 79),
(308, 1, 1.8, 103, 97),
(309, 4, 4, 103, 86),
(310, 5, 7.5, 104, 7),
(311, 4, 9.99, 104, 115),
(312, 5, 9.5, 104, 14),
(313, 5, 6.99, 105, 117),
(314, 1, 89.99, 105, 120),
(315, 5, 3.5, 105, 87),
(316, 4, 19.99, 106, 33),
(317, 3, 9.5, 106, 46),
(318, 5, 12.99, 106, 12),
(319, 4, 2.5, 107, 93),
(320, 5, 49.99, 107, 119),
(321, 3, 4.99, 107, 10),
(322, 4, 15.99, 108, 121),
(323, 1, 2.49, 108, 74),
(324, 2, 12.99, 108, 16),
(325, 3, 6.99, 109, 4),
(326, 5, 6.99, 109, 63),
(327, 4, 5.5, 109, 116),
(328, 4, 5.99, 110, 24),
(329, 2, 19.99, 110, 18),
(330, 5, 25.99, 110, 34),
(331, 4, 6.99, 111, 13),
(332, 2, 12.99, 111, 32),
(333, 2, 3.29, 111, 77),
(334, 2, 0.99, 112, 38),
(335, 1, 4, 112, 86),
(336, 5, 7.5, 112, 5),
(337, 3, 4.5, 113, 50),
(338, 2, 4.99, 113, 101),
(339, 2, 2.5, 113, 39),
(340, 2, 17.99, 114, 35),
(341, 5, 8.49, 114, 73),
(342, 3, 14.99, 114, 52),
(343, 3, 7.99, 115, 21),
(344, 3, 0.99, 115, 38),
(345, 3, 24.99, 115, 126),
(346, 1, 1.99, 116, 81),
(347, 1, 3.49, 116, 48),
(348, 4, 19.99, 116, 18),
(349, 1, 1.5, 117, 88),
(350, 1, 79.99, 117, 129),
(351, 3, 9.99, 117, 20),
(352, 3, 2.99, 118, 40),
(353, 2, 11.5, 118, 19),
(354, 4, 199.99, 118, 132),
(355, 4, 34.99, 119, 125),
(356, 2, 6.5, 119, 22),
(357, 4, 6.99, 119, 63),
(358, 5, 2.5, 120, 84),
(359, 3, 4.5, 120, 114),
(360, 2, 7.99, 120, 11),
(361, 1, 8.99, 121, 44),
(362, 3, 5.99, 121, 60),
(363, 1, 3, 121, 95),
(364, 2, 3.5, 122, 94),
(365, 2, 5.99, 122, 60),
(366, 1, 2.99, 122, 27),
(367, 2, 3.5, 123, 41),
(368, 2, 3.49, 123, 26),
(369, 1, 3.99, 123, 98),
(370, 3, 2.49, 124, 79),
(371, 1, 1.5, 124, 88),
(372, 1, 12.99, 124, 32),
(373, 5, 6.99, 125, 110),
(374, 1, 7.5, 125, 107),
(375, 1, 1.5, 125, 37),
(376, 1, 3, 126, 112),
(377, 1, 3.49, 126, 48),
(378, 1, 6.99, 126, 117),
(379, 2, 3.99, 127, 78),
(380, 2, 15.99, 127, 121),
(381, 2, 8.99, 127, 15),
(382, 2, 17.99, 128, 35),
(383, 4, 2, 128, 90),
(384, 4, 2.99, 128, 58),
(385, 5, 2.99, 129, 106),
(386, 4, 5, 129, 109),
(387, 1, 2.99, 129, 66),
(388, 2, 1.5, 130, 88),
(389, 2, 5.5, 130, 116),
(390, 3, 22.5, 130, 36),
(391, 4, 6.99, 131, 4),
(392, 3, 2.5, 131, 28),
(393, 1, 6.99, 131, 63),
(394, 1, 5.99, 132, 72),
(395, 3, 3.99, 132, 49),
(396, 5, 2.99, 132, 27),
(397, 1, 7.5, 133, 7),
(398, 5, 5.99, 133, 24),
(399, 4, 8.99, 133, 8),
(400, 2, 49.99, 134, 119),
(401, 5, 12.99, 134, 113),
(402, 4, 2.89, 134, 68),
(403, 4, 3, 135, 95),
(404, 3, 2.99, 135, 76),
(405, 1, 7.99, 135, 21),
(406, 5, 3.99, 136, 49),
(407, 1, 2.5, 136, 84),
(408, 3, 4.2, 136, 51),
(409, 4, 5, 137, 109),
(410, 4, 2.89, 137, 68),
(411, 5, 5.99, 137, 72),
(412, 2, 2.99, 138, 106),
(413, 5, 19.99, 138, 33),
(414, 5, 79.99, 138, 129),
(415, 3, 89.99, 139, 128),
(416, 2, 2.99, 139, 76),
(417, 1, 3, 139, 95),
(418, 1, 199.99, 140, 132),
(419, 3, 6.99, 140, 117),
(420, 3, 4.99, 140, 29),
(421, 5, 4.5, 141, 2),
(422, 2, 4, 141, 86),
(423, 1, 6.99, 141, 117),
(424, 1, 3.49, 142, 48),
(425, 4, 1.5, 142, 88),
(426, 1, 14.99, 142, 52),
(427, 5, 4.5, 143, 111),
(428, 5, 25.99, 143, 34),
(429, 2, 3.5, 143, 59),
(430, 4, 29.99, 144, 118),
(431, 4, 12.99, 144, 113),
(432, 5, 2.99, 144, 47),
(433, 2, 2.49, 145, 74),
(434, 3, 7.5, 145, 5),
(435, 4, 2.5, 145, 84),
(436, 2, 3.49, 146, 67),
(437, 3, 34.99, 146, 125),
(438, 5, 22.5, 146, 36),
(439, 1, 14.99, 147, 23),
(440, 4, 59.99, 147, 124),
(441, 5, 1.8, 147, 92),
(442, 3, 8, 148, 104),
(443, 5, 24.99, 148, 126),
(444, 1, 12.99, 148, 12),
(445, 2, 12.99, 149, 16),
(446, 2, 49.99, 149, 119),
(447, 2, 7.5, 149, 5),
(448, 3, 12.99, 150, 113),
(449, 2, 4.5, 150, 91),
(450, 1, 4.2, 150, 51),
(451, 1, 4.5, 151, 111),
(452, 2, 4.5, 151, 64),
(453, 3, 89.99, 151, 120),
(454, 3, 8, 152, 104),
(455, 2, 5.99, 152, 24),
(456, 3, 2.5, 152, 93),
(457, 1, 4.5, 153, 111),
(458, 4, 6.99, 153, 13),
(459, 2, 3.99, 153, 1),
(460, 3, 2.5, 154, 102),
(461, 2, 129.99, 154, 127),
(462, 1, 3.49, 154, 26),
(463, 2, 3.99, 155, 1),
(464, 1, 7.5, 155, 7),
(465, 2, 6.99, 155, 110),
(466, 2, 3.5, 156, 41),
(467, 1, 1.2, 156, 83),
(468, 3, 3.2, 156, 96),
(469, 4, 49.99, 157, 119),
(470, 3, 11.5, 157, 19),
(471, 5, 22.5, 157, 53),
(472, 2, 49.99, 158, 131),
(473, 3, 2.99, 158, 76),
(474, 3, 4.5, 158, 114),
(475, 4, 3.49, 159, 67),
(476, 1, 4, 159, 86),
(477, 1, 6.99, 159, 4),
(478, 3, 9.99, 160, 20),
(479, 1, 3.2, 160, 105),
(480, 4, 3.5, 160, 61),
(481, 1, 3.5, 161, 94),
(482, 5, 6.99, 161, 63),
(483, 1, 4.99, 161, 29),
(484, 2, 6.99, 162, 4),
(485, 1, 2.5, 162, 102),
(486, 5, 49.99, 162, 119),
(487, 1, 1.8, 163, 92),
(488, 3, 3.5, 163, 41),
(489, 4, 5.99, 163, 24),
(490, 3, 3.2, 164, 96),
(491, 4, 3.99, 164, 49),
(492, 3, 19.99, 164, 33),
(493, 2, 4.5, 165, 64),
(494, 4, 9.5, 165, 99),
(495, 2, 4.5, 165, 50),
(496, 3, 12.99, 166, 113),
(497, 5, 11.5, 166, 19),
(498, 3, 7.99, 166, 45),
(499, 5, 2.99, 167, 47),
(500, 4, 6.99, 167, 110),
(501, 1, 2.99, 167, 106),
(502, 1, 7.99, 168, 21),
(503, 2, 3.99, 168, 30),
(504, 5, 8.99, 168, 15),
(505, 3, 34.99, 169, 125),
(506, 3, 3.2, 169, 96),
(507, 5, 15.99, 169, 121),
(508, 3, 4.99, 170, 62),
(509, 5, 2.99, 170, 76),
(510, 2, 22.5, 170, 53),
(511, 1, 5, 171, 109),
(512, 3, 6.99, 171, 63),
(513, 1, 5.99, 171, 24),
(514, 4, 12.99, 172, 32),
(515, 5, 6.99, 172, 117),
(516, 2, 7.5, 172, 5),
(517, 3, 2.5, 173, 102),
(518, 2, 4.5, 173, 111),
(519, 2, 3.99, 173, 82),
(520, 1, 199.99, 174, 132),
(521, 4, 2.5, 174, 28),
(522, 4, 6.99, 174, 110),
(523, 2, 14.99, 175, 17),
(524, 3, 3, 175, 112),
(525, 3, 9.5, 175, 46),
(526, 1, 7.99, 176, 45),
(527, 2, 5.99, 176, 60),
(528, 3, 1.99, 176, 81),
(529, 2, 99.99, 177, 130),
(530, 1, 8, 177, 104),
(531, 4, 49.99, 177, 119),
(532, 1, 2.79, 178, 70),
(533, 1, 79.99, 178, 129),
(534, 3, 5.99, 178, 3),
(535, 1, 4.5, 179, 64),
(536, 2, 5.2, 179, 100),
(537, 4, 2.99, 179, 27),
(538, 5, 6.99, 180, 13),
(539, 5, 99.99, 180, 130),
(540, 2, 6.99, 180, 117),
(541, 3, 2.5, 181, 102),
(542, 5, 6.99, 181, 9),
(543, 2, 5.2, 181, 100),
(544, 5, 1.2, 182, 83),
(545, 2, 49.99, 182, 131),
(546, 5, 12.99, 182, 12),
(547, 2, 6.99, 183, 117),
(548, 2, 2.5, 183, 39),
(549, 4, 1.8, 183, 56),
(550, 3, 3.99, 184, 69),
(551, 1, 24.99, 184, 126),
(552, 4, 4.2, 184, 51),
(553, 1, 6.5, 185, 103),
(554, 5, 3.5, 185, 41),
(555, 1, 0.99, 185, 38),
(556, 3, 9.99, 186, 115),
(557, 5, 5.5, 186, 65),
(558, 2, 4.5, 186, 64),
(559, 5, 5.99, 187, 3),
(560, 3, 22.5, 187, 36),
(561, 4, 3.99, 187, 82),
(562, 1, 49.99, 188, 119),
(563, 3, 9.5, 188, 14),
(564, 1, 9.99, 188, 115),
(565, 4, 7.99, 189, 11),
(566, 3, 7.5, 189, 7),
(567, 4, 22.5, 189, 53),
(568, 1, 2.99, 190, 76),
(569, 3, 9.99, 190, 115),
(570, 1, 3, 190, 85),
(571, 1, 4.5, 191, 64),
(572, 5, 19.99, 191, 33),
(573, 1, 7.99, 191, 45),
(574, 3, 2.99, 192, 58),
(575, 2, 3.49, 192, 48),
(576, 3, 4.5, 192, 31),
(577, 3, 89.99, 193, 120),
(578, 3, 7.5, 193, 107),
(579, 4, 6.99, 193, 13),
(580, 4, 4.5, 194, 2),
(581, 1, 3.49, 194, 67),
(582, 3, 5, 194, 109),
(583, 3, 6.99, 195, 110),
(584, 1, 4.5, 195, 71),
(585, 2, 6.99, 195, 4),
(586, 4, 3.99, 196, 69),
(587, 5, 29.99, 196, 118),
(588, 5, 11.5, 196, 19),
(589, 4, 12.99, 197, 12),
(590, 2, 2.5, 197, 39),
(591, 5, 6.99, 197, 13),
(592, 3, 5.5, 198, 116),
(593, 2, 29.99, 198, 118),
(594, 1, 1.99, 198, 75),
(595, 3, 14.99, 199, 23),
(596, 4, 3, 199, 95),
(597, 5, 12.99, 199, 123),
(598, 5, 99.99, 200, 130),
(599, 3, 14.99, 200, 23),
(600, 4, 4.5, 200, 2),
(601, 1, 25.99, 201, 34),
(602, 2, 3.29, 201, 77),
(603, 2, 12.99, 201, 32),
(604, 2, 9.5, 202, 46),
(605, 3, 5.5, 202, 65),
(606, 3, 4, 202, 86),
(607, 4, 15.99, 203, 121),
(608, 4, 0.99, 203, 38),
(609, 4, 12.99, 203, 16),
(610, 4, 6.99, 204, 13),
(611, 5, 3.99, 204, 78),
(612, 5, 79.99, 204, 129),
(613, 4, 3.99, 205, 69),
(614, 2, 7.5, 205, 107),
(615, 1, 6.99, 205, 9),
(616, 1, 2.89, 206, 68),
(617, 3, 2.99, 206, 106),
(618, 3, 8.99, 206, 15),
(619, 5, 7.99, 207, 11),
(620, 5, 6.99, 207, 110),
(621, 3, 4.5, 207, 111),
(622, 3, 9.5, 208, 99),
(623, 4, 22.5, 208, 53),
(624, 2, 4.99, 208, 29),
(625, 1, 2.99, 209, 27),
(626, 1, 4.99, 209, 101),
(627, 2, 5.5, 209, 65),
(628, 5, 3.49, 210, 67),
(629, 5, 12.99, 210, 16),
(630, 1, 3.99, 210, 69),
(631, 3, 3.99, 211, 49),
(632, 1, 8.99, 211, 44),
(633, 2, 24.99, 211, 126),
(634, 2, 15.99, 212, 121),
(635, 1, 4.99, 212, 25),
(636, 2, 3.5, 212, 87),
(637, 5, 4.99, 213, 62),
(638, 2, 4.99, 213, 25),
(639, 4, 5.99, 213, 3),
(640, 2, 8.99, 214, 44),
(641, 4, 1.8, 214, 97),
(642, 2, 2.99, 214, 76),
(643, 1, 4.5, 215, 50),
(644, 1, 1.5, 215, 88),
(645, 5, 6.99, 215, 13),
(646, 4, 3.99, 216, 78),
(647, 1, 4.99, 216, 25),
(648, 5, 2.49, 216, 74),
(649, 5, 3.5, 217, 94),
(650, 1, 1.2, 217, 83),
(651, 1, 5.5, 217, 116),
(652, 4, 199.99, 218, 132),
(653, 4, 8, 218, 104),
(654, 1, 3.49, 218, 48),
(655, 3, 19.99, 219, 122),
(656, 5, 3, 219, 85),
(657, 1, 9.99, 219, 20),
(658, 2, 3.99, 220, 1),
(659, 1, 2.5, 220, 84),
(660, 5, 6.99, 220, 117),
(661, 5, 4, 221, 86),
(662, 5, 6.99, 221, 13),
(663, 4, 25.99, 221, 34),
(664, 5, 6.5, 222, 103),
(665, 5, 3.5, 222, 61),
(666, 1, 49.99, 222, 119),
(667, 2, 8.99, 223, 8),
(668, 5, 8.49, 223, 73),
(669, 2, 7.5, 223, 5),
(670, 4, 9.99, 224, 115),
(671, 4, 3, 224, 95),
(672, 5, 19.99, 224, 18),
(673, 1, 2.5, 225, 93),
(674, 3, 2.99, 225, 106),
(675, 3, 4.5, 225, 64),
(676, 2, 8, 226, 104),
(677, 5, 9.99, 226, 55),
(678, 1, 6.99, 226, 4),
(679, 1, 1.2, 227, 83),
(680, 5, 7.5, 227, 7),
(681, 4, 4.99, 227, 29),
(682, 4, 15.99, 228, 121),
(683, 3, 9.5, 228, 14),
(684, 5, 1.5, 228, 37),
(685, 2, 5.99, 229, 60),
(686, 3, 2.99, 229, 76),
(687, 2, 19.99, 229, 18),
(688, 3, 7.5, 230, 5),
(689, 4, 7.99, 230, 45),
(690, 4, 3.99, 230, 82),
(691, 3, 1.5, 231, 37),
(692, 4, 1.5, 231, 88),
(693, 4, 12.99, 231, 113),
(694, 3, 2.99, 232, 106),
(695, 2, 2.99, 232, 27),
(696, 3, 22.5, 232, 36),
(697, 3, 8.99, 233, 15),
(698, 5, 59.99, 233, 124),
(699, 2, 8, 233, 104),
(700, 5, 3.5, 234, 87),
(701, 2, 14.99, 234, 17),
(702, 1, 1.99, 234, 75),
(703, 4, 89.99, 235, 128),
(704, 2, 4.5, 235, 71),
(705, 2, 5.99, 235, 60),
(706, 3, 2.49, 236, 79),
(707, 3, 9.99, 236, 55),
(708, 1, 4.99, 236, 10),
(709, 4, 8, 237, 104),
(710, 3, 99.99, 237, 130),
(711, 2, 2.49, 237, 74),
(712, 2, 6.5, 238, 103),
(713, 5, 2.49, 238, 74),
(714, 5, 49.99, 238, 131),
(715, 2, 1.5, 239, 37),
(716, 3, 2.49, 239, 74),
(717, 5, 3.99, 239, 69),
(718, 1, 6.99, 240, 110),
(719, 5, 2.99, 240, 106),
(720, 3, 4.2, 240, 51),
(721, 1, 19.99, 241, 18),
(722, 3, 1.99, 241, 75),
(723, 1, 4.99, 241, 42),
(724, 4, 4.5, 242, 31),
(725, 2, 2.5, 242, 28),
(726, 2, 3.29, 242, 77),
(727, 2, 49.99, 243, 119),
(728, 3, 5.2, 243, 100),
(729, 2, 8.99, 243, 15),
(730, 2, 3.29, 244, 77),
(731, 1, 9.99, 244, 55),
(732, 1, 3.99, 244, 30),
(733, 3, 9.5, 245, 46),
(734, 2, 4.5, 245, 2),
(735, 5, 0.99, 245, 38),
(736, 3, 7.99, 246, 21),
(737, 3, 3.5, 246, 61),
(738, 5, 3.5, 246, 87),
(739, 2, 1.8, 247, 97),
(740, 2, 8.99, 247, 44),
(741, 2, 12.99, 247, 123),
(742, 1, 2.99, 248, 76),
(743, 3, 6.99, 248, 63),
(744, 4, 4.5, 248, 31),
(745, 1, 12.99, 249, 12),
(746, 3, 6.99, 249, 110),
(747, 4, 4.5, 249, 64),
(748, 5, 7.99, 250, 45),
(749, 4, 5.5, 250, 116),
(750, 4, 4.5, 250, 64),
(751, 3, 89.99, 251, 120),
(752, 4, 89.99, 251, 128),
(753, 1, 7.99, 251, 21),
(754, 4, 29.99, 252, 118),
(755, 3, 9.99, 252, 20),
(756, 1, 12.99, 252, 123),
(757, 2, 3, 253, 112),
(758, 1, 2.49, 253, 74),
(759, 3, 2.99, 253, 40),
(760, 5, 4.5, 254, 31),
(761, 5, 3.5, 254, 59),
(762, 3, 25.99, 254, 34),
(763, 3, 1.99, 255, 75),
(764, 4, 2.49, 255, 79),
(765, 1, 7.5, 255, 107),
(766, 2, 4.5, 256, 50),
(767, 4, 19.99, 256, 18),
(768, 1, 1.8, 256, 97),
(769, 2, 2.49, 257, 79),
(770, 2, 2, 257, 90),
(771, 4, 3.5, 257, 61),
(772, 2, 89.99, 258, 120),
(773, 4, 12.99, 258, 16),
(774, 2, 3.5, 258, 59),
(775, 1, 2.99, 259, 66),
(776, 5, 0.99, 259, 38),
(777, 5, 89.99, 259, 128),
(778, 1, 3.99, 260, 30),
(779, 2, 4.5, 260, 114),
(780, 1, 2.99, 260, 27),
(781, 4, 2.89, 261, 68),
(782, 2, 9.5, 261, 46),
(783, 2, 25.99, 261, 34),
(784, 3, 34.99, 262, 125),
(785, 1, 4.99, 262, 62),
(786, 1, 7.5, 262, 5),
(787, 4, 3.99, 263, 49),
(788, 2, 8.99, 263, 15),
(789, 2, 3.99, 263, 78),
(790, 3, 129.99, 264, 127),
(791, 2, 15.99, 264, 121),
(792, 1, 4.5, 264, 91),
(793, 2, 3.99, 265, 78),
(794, 1, 3.5, 265, 41),
(795, 4, 5.99, 265, 3),
(796, 1, 8.99, 266, 8),
(797, 4, 3.5, 266, 94),
(798, 1, 2.5, 266, 84),
(799, 3, 9.5, 267, 14),
(800, 4, 1.2, 267, 83),
(801, 3, 3.2, 267, 105),
(802, 1, 6.99, 268, 4),
(803, 2, 3.2, 268, 105),
(804, 2, 1.2, 268, 83),
(805, 1, 6.99, 269, 9),
(806, 2, 19.99, 269, 33),
(807, 2, 7.5, 269, 107),
(808, 3, 3, 270, 95),
(809, 5, 9.5, 270, 99),
(810, 1, 2.49, 270, 79),
(811, 5, 19.99, 271, 122),
(812, 2, 7.5, 271, 7),
(813, 5, 3.49, 271, 26),
(814, 5, 3.49, 272, 26),
(815, 4, 5.2, 272, 100),
(816, 1, 2.99, 272, 66),
(817, 5, 3.49, 273, 67),
(818, 4, 79.99, 273, 129),
(819, 1, 5.99, 273, 3),
(820, 2, 6.99, 274, 117),
(821, 5, 3.5, 274, 59),
(822, 2, 4.5, 274, 50),
(823, 2, 22.5, 275, 36),
(824, 2, 10.99, 275, 108),
(825, 2, 6.99, 275, 63),
(826, 5, 4.5, 276, 31),
(827, 2, 5.99, 276, 6),
(828, 1, 6.99, 276, 117),
(829, 1, 4, 277, 86),
(830, 3, 3.99, 277, 30),
(831, 4, 7.99, 277, 21),
(832, 2, 3.99, 278, 30),
(833, 2, 11.5, 278, 19),
(834, 5, 4.99, 278, 62),
(835, 5, 129.99, 279, 127),
(836, 4, 2.99, 279, 40),
(837, 1, 3.99, 279, 69),
(838, 2, 5.99, 280, 60),
(839, 3, 4.99, 280, 42),
(840, 2, 2.99, 280, 40),
(841, 3, 3.2, 281, 96),
(842, 2, 2.99, 281, 27),
(843, 4, 4.5, 281, 50),
(844, 3, 4.99, 282, 62),
(845, 4, 3.99, 282, 98),
(846, 1, 2.99, 282, 27),
(847, 4, 6.5, 283, 22),
(848, 4, 1.99, 283, 81),
(849, 3, 2.49, 283, 79),
(850, 3, 22.5, 284, 53),
(851, 5, 3.5, 284, 41),
(852, 4, 4.2, 284, 51),
(853, 1, 1.8, 285, 56),
(854, 3, 4.99, 285, 101),
(855, 2, 12.99, 285, 113),
(856, 4, 9.99, 286, 20),
(857, 4, 2.49, 286, 74),
(858, 3, 19.99, 286, 33),
(859, 1, 8.99, 287, 15),
(860, 1, 7.99, 287, 45),
(861, 4, 7.5, 287, 107),
(862, 1, 129.99, 288, 127),
(863, 3, 25.99, 288, 34),
(864, 5, 3.49, 288, 48),
(865, 2, 9.5, 289, 14),
(866, 1, 9.5, 289, 46),
(867, 2, 4, 289, 86),
(868, 5, 2.49, 290, 74),
(869, 5, 6.99, 290, 13),
(870, 3, 7.99, 290, 21),
(871, 2, 5.5, 291, 116),
(872, 5, 2.5, 291, 102),
(873, 3, 4.99, 291, 62),
(874, 2, 25.99, 292, 34),
(875, 2, 4.5, 292, 111),
(876, 3, 3.49, 292, 48),
(877, 5, 5.5, 293, 65),
(878, 3, 12.99, 293, 12),
(879, 3, 15.99, 293, 121),
(880, 4, 49.99, 294, 131),
(881, 3, 3.5, 294, 61),
(882, 4, 5.2, 294, 100),
(883, 3, 2, 295, 90),
(884, 4, 6.99, 295, 117),
(885, 3, 5.5, 295, 116),
(886, 1, 3, 296, 85),
(887, 2, 7.99, 296, 21),
(888, 5, 6.5, 296, 43),
(889, 4, 25.99, 297, 34),
(890, 5, 5.99, 297, 72),
(891, 1, 4.5, 297, 91),
(892, 1, 5.99, 298, 24),
(893, 5, 4.5, 298, 91),
(894, 1, 49.99, 298, 119),
(895, 2, 12.99, 299, 32),
(896, 1, 25.99, 299, 34),
(897, 3, 19.99, 299, 33),
(898, 3, 3.49, 300, 67),
(899, 2, 9.99, 300, 20),
(900, 4, 4.5, 300, 114),
(901, 4, 7.99, 301, 11),
(902, 5, 7.5, 301, 5),
(903, 2, 1.5, 301, 37),
(904, 2, 2.5, 302, 84),
(905, 4, 199.99, 302, 132),
(906, 3, 1.2, 302, 83),
(907, 1, 3.99, 303, 69),
(908, 5, 2.5, 303, 93),
(909, 3, 49.99, 303, 131),
(910, 3, 2.99, 304, 106),
(911, 4, 1.7, 304, 89),
(912, 1, 8.49, 304, 73),
(913, 3, 4, 305, 86),
(914, 5, 5.99, 305, 72),
(915, 4, 3.99, 305, 98),
(916, 3, 89.99, 306, 128),
(917, 5, 19.99, 306, 18),
(918, 2, 6.99, 306, 117),
(919, 3, 2.5, 307, 39),
(920, 3, 5, 307, 109),
(921, 4, 5.99, 307, 24),
(922, 5, 1.99, 308, 81),
(923, 5, 8.99, 308, 15),
(924, 5, 5.99, 308, 60),
(925, 3, 5.99, 309, 60),
(926, 4, 0.99, 309, 38),
(927, 4, 6.99, 309, 117),
(928, 3, 5.99, 310, 3),
(929, 5, 129.99, 310, 127),
(930, 2, 4.99, 310, 42),
(931, 4, 6.99, 311, 117),
(932, 5, 6.99, 311, 13),
(933, 2, 59.99, 311, 124),
(934, 5, 3.99, 312, 69),
(935, 2, 2.5, 312, 102),
(936, 1, 19.99, 312, 122),
(937, 5, 12.99, 313, 12),
(938, 1, 2.99, 313, 76),
(939, 1, 1.8, 313, 97),
(940, 4, 79.99, 314, 129),
(941, 4, 11.5, 314, 19),
(942, 2, 8, 314, 104),
(943, 4, 5.99, 315, 3),
(944, 2, 2.89, 315, 68),
(945, 3, 1.8, 315, 92),
(946, 2, 4.99, 316, 62),
(947, 5, 19.99, 316, 122),
(948, 4, 4.99, 316, 25),
(949, 4, 2.99, 317, 27),
(950, 3, 3.5, 317, 61),
(951, 3, 1.5, 317, 88),
(952, 1, 2.99, 318, 47),
(953, 3, 6.99, 318, 117),
(954, 3, 17.99, 318, 35),
(955, 4, 9.99, 319, 55),
(956, 3, 89.99, 319, 128),
(957, 1, 3.5, 319, 87),
(958, 4, 4.99, 320, 42),
(959, 3, 6.99, 320, 110),
(960, 5, 22.5, 320, 53),
(961, 4, 3.99, 321, 69),
(962, 1, 3.49, 321, 67),
(963, 1, 3.99, 321, 1),
(964, 1, 3.99, 322, 30),
(965, 4, 4.99, 322, 42),
(966, 1, 1.8, 322, 97),
(967, 2, 14.99, 323, 17),
(968, 3, 5.5, 323, 65),
(969, 1, 5.99, 323, 3),
(970, 2, 2.99, 324, 80),
(971, 4, 3.99, 324, 69),
(972, 1, 1.5, 324, 37),
(973, 5, 5.5, 325, 65),
(974, 4, 2.99, 325, 76),
(975, 2, 15.99, 325, 121),
(976, 2, 89.99, 326, 120),
(977, 4, 3.49, 326, 48),
(978, 5, 12.99, 326, 123),
(979, 2, 3.5, 327, 41),
(980, 5, 7.5, 327, 5),
(981, 3, 4.99, 327, 101),
(982, 1, 5.99, 328, 6),
(983, 5, 12.99, 328, 12),
(984, 2, 2.79, 328, 70),
(985, 4, 3.5, 329, 59),
(986, 4, 99.99, 329, 130),
(987, 5, 3.5, 329, 87),
(988, 2, 12.99, 330, 113),
(989, 2, 3.49, 330, 67),
(990, 1, 2.99, 330, 40),
(991, 2, 3.99, 331, 49),
(992, 5, 1.8, 331, 92),
(993, 4, 1.99, 331, 81),
(994, 4, 2.79, 332, 70),
(995, 4, 2, 332, 90),
(996, 5, 49.99, 332, 131),
(997, 3, 1.8, 333, 92),
(998, 3, 8, 333, 104),
(999, 3, 4.99, 333, 62),
(1000, 2, 1.8, 334, 56),
(1001, 5, 8.99, 334, 15),
(1002, 2, 9.5, 334, 46),
(1003, 4, 1.5, 335, 88),
(1004, 2, 6.5, 335, 43),
(1005, 3, 89.99, 335, 128),
(1006, 1, 2.5, 336, 39),
(1007, 3, 199.99, 336, 132),
(1008, 2, 11.5, 336, 19),
(1009, 5, 2.99, 337, 40),
(1010, 3, 3.49, 337, 67),
(1011, 2, 8.99, 337, 15),
(1012, 5, 7.99, 338, 45),
(1013, 5, 6.99, 338, 110),
(1014, 4, 1.8, 338, 97),
(1015, 3, 3.99, 339, 1),
(1016, 2, 9.99, 339, 20),
(1017, 4, 199.99, 339, 132),
(1018, 3, 11.5, 340, 19),
(1019, 5, 2.5, 340, 102),
(1020, 1, 4.2, 340, 51),
(1021, 3, 5.5, 341, 65),
(1022, 2, 0.99, 341, 38),
(1023, 2, 10.99, 341, 108),
(1024, 4, 2, 342, 90),
(1025, 2, 4.5, 342, 71),
(1026, 2, 3.2, 342, 105),
(1027, 2, 8.99, 343, 44),
(1028, 5, 2.49, 343, 79),
(1029, 3, 6.99, 343, 4),
(1030, 4, 9.99, 344, 115),
(1031, 2, 3.99, 344, 49),
(1032, 3, 4.2, 344, 51),
(1033, 4, 14.99, 345, 17),
(1034, 4, 2.99, 345, 106),
(1035, 2, 2.99, 345, 58),
(1036, 4, 2.5, 346, 39),
(1037, 4, 5.2, 346, 100),
(1038, 1, 9.99, 346, 55),
(1039, 2, 3.99, 347, 30),
(1040, 1, 49.99, 347, 131),
(1041, 4, 3.49, 347, 26),
(1042, 5, 3.99, 348, 1),
(1043, 2, 2.79, 348, 70),
(1044, 2, 9.5, 348, 99),
(1045, 4, 3.49, 349, 26),
(1046, 3, 6.5, 349, 43),
(1047, 3, 3.99, 349, 82),
(1048, 5, 3.99, 350, 30),
(1049, 1, 8.49, 350, 73),
(1050, 5, 3.99, 350, 1),
(1051, 3, 3.49, 351, 26),
(1052, 4, 6.99, 351, 63),
(1053, 4, 3.2, 351, 105),
(1054, 5, 5.5, 352, 65),
(1055, 4, 199.99, 352, 132),
(1056, 5, 3, 352, 95),
(1057, 1, 4.5, 353, 91),
(1058, 4, 7.5, 353, 7),
(1059, 2, 2.99, 353, 76),
(1060, 2, 4.99, 354, 29),
(1061, 1, 22.5, 354, 53),
(1062, 1, 5.99, 354, 6),
(1063, 2, 2.99, 355, 40),
(1064, 2, 6.99, 355, 4),
(1065, 3, 79.99, 355, 129),
(1066, 1, 2, 356, 90),
(1067, 1, 3.49, 356, 48),
(1068, 1, 5.5, 356, 65),
(1069, 2, 3.2, 357, 105),
(1070, 2, 5.99, 357, 6),
(1071, 1, 12.99, 357, 123),
(1072, 3, 2.5, 358, 84),
(1073, 1, 9.99, 358, 55),
(1074, 1, 4.99, 358, 42),
(1075, 1, 199.99, 359, 132),
(1076, 3, 11.5, 359, 19),
(1077, 4, 4.5, 359, 114),
(1078, 1, 6.99, 360, 4),
(1079, 5, 24.99, 360, 126),
(1080, 4, 49.99, 360, 131),
(1081, 5, 29.99, 361, 118),
(1082, 5, 5.99, 361, 60),
(1083, 3, 1.8, 361, 97),
(1084, 3, 8.99, 362, 44),
(1085, 5, 2.99, 362, 58),
(1086, 5, 59.99, 362, 124),
(1087, 2, 2.5, 363, 93),
(1088, 4, 2.5, 363, 84),
(1089, 2, 3.49, 363, 67),
(1090, 4, 1.8, 364, 97),
(1091, 5, 3.5, 364, 87),
(1092, 4, 3.99, 364, 49),
(1093, 5, 1.2, 365, 83),
(1094, 1, 7.5, 365, 5),
(1095, 2, 3.5, 365, 61),
(1096, 1, 2.99, 366, 66),
(1097, 2, 129.99, 366, 127),
(1098, 4, 12.99, 366, 12),
(1099, 4, 4.5, 367, 71),
(1100, 1, 14.99, 367, 17),
(1101, 1, 3.99, 367, 82),
(1102, 3, 5.99, 368, 6),
(1103, 4, 25.99, 368, 34),
(1104, 4, 129.99, 368, 127),
(1105, 5, 89.99, 369, 120),
(1106, 5, 3.99, 369, 78),
(1107, 5, 3.99, 369, 82),
(1108, 1, 4.99, 370, 25),
(1109, 2, 4.5, 370, 50),
(1110, 4, 2.79, 370, 70),
(1111, 1, 5.5, 371, 116),
(1112, 5, 4.5, 371, 114),
(1113, 3, 19.99, 371, 122),
(1114, 3, 8.99, 372, 44),
(1115, 2, 19.99, 372, 18),
(1116, 4, 1.99, 372, 75),
(1117, 5, 4.5, 373, 114),
(1118, 1, 2.5, 373, 84),
(1119, 5, 2, 373, 90),
(1120, 3, 4.5, 374, 111),
(1121, 3, 3.2, 374, 105),
(1122, 3, 4, 374, 86),
(1123, 3, 9.99, 375, 20),
(1124, 1, 3.29, 375, 77),
(1125, 1, 12.99, 375, 12),
(1126, 2, 5, 376, 109),
(1127, 1, 2.5, 376, 28),
(1128, 4, 4.5, 376, 31),
(1129, 2, 7.5, 377, 5),
(1130, 1, 0.99, 377, 38),
(1131, 5, 11.5, 377, 19),
(1132, 3, 4.5, 378, 71),
(1133, 4, 1.8, 378, 92),
(1134, 1, 4.99, 378, 101),
(1135, 5, 3.99, 379, 82),
(1136, 2, 5.99, 379, 72),
(1137, 2, 2.99, 379, 27),
(1138, 5, 4.5, 380, 64),
(1139, 2, 2.49, 380, 79),
(1140, 3, 34.99, 380, 125),
(1141, 4, 3.99, 381, 69),
(1142, 1, 1.7, 381, 89),
(1143, 3, 8, 381, 104),
(1144, 4, 59.99, 382, 124),
(1145, 4, 2.99, 382, 80),
(1146, 2, 3.99, 382, 78),
(1147, 2, 6.99, 383, 63),
(1148, 3, 3.99, 383, 30),
(1149, 5, 6.99, 383, 9),
(1150, 5, 3.2, 384, 96),
(1151, 1, 9.99, 384, 115),
(1152, 5, 2.99, 384, 27),
(1153, 4, 4.99, 385, 25),
(1154, 2, 5.5, 385, 65),
(1155, 3, 2.5, 385, 28),
(1156, 4, 4.5, 386, 50),
(1157, 3, 2.99, 386, 27),
(1158, 3, 34.99, 386, 125),
(1159, 4, 2.5, 387, 102),
(1160, 3, 2, 387, 90),
(1161, 1, 4.5, 387, 64),
(1162, 2, 8.99, 388, 15),
(1163, 4, 2.5, 388, 39),
(1164, 5, 6.99, 388, 4),
(1165, 2, 14.99, 389, 52),
(1166, 5, 8.99, 389, 8),
(1167, 2, 199.99, 389, 132),
(1168, 2, 7.5, 390, 107),
(1169, 5, 6.99, 390, 4),
(1170, 1, 2.89, 390, 68),
(1171, 4, 1.8, 391, 97),
(1172, 2, 2.49, 391, 79),
(1173, 2, 3.99, 391, 98),
(1174, 4, 5.99, 392, 24),
(1175, 3, 1.2, 392, 83),
(1176, 1, 2.49, 392, 74),
(1177, 4, 2.99, 393, 27),
(1178, 5, 8.49, 393, 73),
(1179, 4, 5.99, 393, 3),
(1180, 1, 8.99, 394, 44),
(1181, 4, 2.99, 394, 27),
(1182, 4, 4.99, 394, 62),
(1183, 1, 129.99, 395, 127),
(1184, 2, 3.99, 395, 98),
(1185, 3, 12.99, 395, 123),
(1186, 4, 4.5, 396, 71),
(1187, 4, 89.99, 396, 120),
(1188, 2, 3.99, 396, 30),
(1189, 4, 6.99, 397, 63),
(1190, 5, 3.99, 397, 82),
(1191, 5, 2.99, 397, 76),
(1192, 1, 2.5, 398, 84),
(1193, 1, 9.5, 398, 46),
(1194, 4, 7.99, 398, 11),
(1195, 4, 3.29, 399, 77),
(1196, 3, 2.49, 399, 79),
(1197, 2, 3.2, 399, 96),
(1198, 1, 1.5, 400, 37),
(1199, 2, 29.99, 400, 118),
(1200, 1, 129.99, 400, 127),
(1201, 4, 9.99, 401, 115),
(1202, 3, 8.99, 401, 8),
(1203, 2, 49.99, 401, 131),
(1204, 1, 34.99, 402, 125),
(1205, 3, 4, 402, 86),
(1206, 5, 3.99, 402, 1),
(1207, 4, 2.99, 403, 40),
(1208, 4, 1.8, 403, 97),
(1209, 2, 4.5, 403, 71),
(1210, 5, 2.89, 404, 68),
(1211, 4, 4.99, 404, 42),
(1212, 2, 1.99, 404, 75),
(1213, 4, 2.5, 405, 84),
(1214, 5, 4.5, 405, 111),
(1215, 4, 3.49, 405, 48),
(1216, 2, 25.99, 406, 34),
(1217, 5, 12.99, 406, 32),
(1218, 1, 3.49, 406, 67),
(1219, 2, 3.5, 407, 94),
(1220, 5, 2.99, 407, 106),
(1221, 3, 22.5, 407, 36),
(1222, 3, 6.5, 408, 43),
(1223, 5, 3, 408, 85),
(1224, 4, 3.99, 408, 98),
(1225, 4, 11.5, 409, 19),
(1226, 3, 9.99, 409, 55),
(1227, 3, 34.99, 409, 125),
(1228, 2, 29.99, 410, 118),
(1229, 3, 2, 410, 90),
(1230, 5, 8.99, 410, 15),
(1231, 4, 22.5, 411, 53),
(1232, 4, 1.7, 411, 89),
(1233, 3, 6.99, 411, 13),
(1234, 3, 14.99, 412, 17),
(1235, 1, 5.2, 412, 100),
(1236, 2, 9.5, 412, 99),
(1237, 3, 4.5, 413, 114),
(1238, 1, 22.5, 413, 53),
(1239, 1, 11.5, 413, 19),
(1240, 4, 2.5, 414, 28),
(1241, 5, 2.99, 414, 58),
(1242, 5, 1.99, 414, 81),
(1243, 4, 12.99, 415, 32),
(1244, 3, 19.99, 415, 18),
(1245, 5, 34.99, 415, 125),
(1246, 4, 4.5, 416, 64),
(1247, 4, 3, 416, 95),
(1248, 4, 4.2, 416, 51),
(1249, 5, 6.5, 417, 103),
(1250, 2, 2.99, 417, 106),
(1251, 4, 7.5, 417, 7),
(1252, 5, 199.99, 418, 132),
(1253, 3, 4.99, 418, 29),
(1254, 5, 11.5, 418, 19),
(1255, 3, 1.5, 419, 37),
(1256, 5, 2.79, 419, 70),
(1257, 1, 9.99, 419, 20),
(1258, 2, 19.99, 420, 33),
(1259, 2, 3.5, 420, 41),
(1260, 4, 3.49, 420, 67),
(1261, 3, 19.99, 421, 122),
(1262, 1, 2.79, 421, 70),
(1263, 5, 1.8, 421, 92),
(1264, 5, 5.99, 422, 24),
(1265, 3, 3, 422, 112),
(1266, 5, 2.89, 422, 68),
(1267, 1, 2.79, 423, 70),
(1268, 2, 2.89, 423, 68),
(1269, 3, 5.99, 423, 72),
(1270, 5, 6.99, 424, 4),
(1271, 4, 5.5, 424, 65),
(1272, 3, 1.99, 424, 75),
(1273, 2, 3, 425, 112),
(1274, 4, 7.99, 425, 45),
(1275, 5, 49.99, 425, 119),
(1276, 3, 8.99, 426, 15),
(1277, 5, 12.99, 426, 12),
(1278, 3, 10.99, 426, 108),
(1279, 2, 8.49, 427, 73),
(1280, 4, 99.99, 427, 130),
(1281, 1, 3, 427, 95),
(1282, 3, 1.99, 428, 75),
(1283, 4, 3.5, 428, 59),
(1284, 5, 19.99, 428, 18),
(1285, 5, 129.99, 429, 127),
(1286, 2, 1.99, 429, 81),
(1287, 5, 4.99, 429, 10),
(1288, 1, 3.99, 430, 30),
(1289, 1, 3.5, 430, 94),
(1290, 4, 49.99, 430, 131),
(1291, 2, 12.99, 431, 123),
(1292, 4, 9.5, 431, 99),
(1293, 2, 1.5, 431, 88),
(1294, 3, 14.99, 432, 17),
(1295, 1, 3.99, 432, 49),
(1296, 3, 4.99, 432, 62),
(1297, 4, 2.5, 433, 84),
(1298, 3, 7.5, 433, 5),
(1299, 5, 9.99, 433, 55),
(1300, 5, 4.5, 434, 31),
(1301, 4, 6.99, 434, 63),
(1302, 5, 3.99, 434, 78),
(1303, 4, 34.99, 435, 125),
(1304, 3, 6.5, 435, 43),
(1305, 2, 2.49, 435, 74),
(1306, 3, 4.2, 436, 51),
(1307, 2, 2.99, 436, 80),
(1308, 2, 2, 436, 90),
(1309, 4, 3.5, 437, 61),
(1310, 3, 15.99, 437, 121),
(1311, 1, 5.2, 437, 100),
(1312, 2, 22.5, 438, 36),
(1313, 2, 2.79, 438, 70),
(1314, 4, 14.99, 438, 17),
(1315, 5, 1.7, 439, 89),
(1316, 3, 2.49, 439, 79),
(1317, 5, 2.5, 439, 39),
(1318, 4, 4.99, 440, 42),
(1319, 3, 4.5, 440, 50),
(1320, 5, 4.5, 440, 64),
(1321, 3, 5.2, 441, 100),
(1322, 5, 6.99, 441, 110),
(1323, 2, 3, 441, 112),
(1324, 3, 99.99, 442, 130),
(1325, 1, 2, 442, 90),
(1326, 2, 2.79, 442, 70),
(1327, 3, 1.99, 443, 81),
(1328, 2, 4.5, 443, 114),
(1329, 4, 3.5, 443, 61),
(1330, 3, 4.5, 444, 64),
(1331, 2, 3.49, 444, 26),
(1332, 5, 2.49, 444, 74),
(1333, 5, 1.8, 445, 97),
(1334, 1, 15.99, 445, 121),
(1335, 2, 25.99, 445, 34),
(1336, 2, 4, 446, 86),
(1337, 2, 2.99, 446, 58),
(1338, 4, 12.99, 446, 16),
(1339, 4, 4.5, 447, 31),
(1340, 1, 17.99, 447, 35),
(1341, 5, 4.5, 447, 114),
(1342, 4, 3.99, 448, 98),
(1343, 4, 19.99, 448, 18),
(1344, 1, 17.99, 448, 35),
(1345, 2, 3.5, 449, 94),
(1346, 4, 3.49, 449, 26),
(1347, 3, 3.5, 449, 41),
(1348, 3, 2.99, 450, 58),
(1349, 5, 6.5, 450, 103),
(1350, 5, 1.5, 450, 37),
(1351, 4, 3, 451, 112),
(1352, 3, 79.99, 451, 129),
(1353, 5, 3.2, 451, 96),
(1354, 2, 9.99, 452, 20),
(1355, 1, 3, 452, 112),
(1356, 2, 3.2, 452, 105),
(1357, 4, 129.99, 453, 127),
(1358, 1, 19.99, 453, 122),
(1359, 5, 4.99, 453, 25),
(1360, 1, 4.5, 454, 2),
(1361, 2, 1.2, 454, 83),
(1362, 4, 4, 454, 86),
(1363, 4, 15.99, 455, 121),
(1364, 2, 79.99, 455, 129),
(1365, 1, 3.99, 455, 49),
(1366, 5, 4.99, 456, 62),
(1367, 5, 1.5, 456, 37),
(1368, 3, 99.99, 456, 130),
(1369, 1, 9.99, 457, 115),
(1370, 3, 6.5, 457, 103),
(1371, 1, 7.5, 457, 7),
(1372, 2, 8.99, 458, 8),
(1373, 1, 14.99, 458, 23),
(1374, 2, 3.5, 458, 61),
(1375, 5, 5.99, 459, 72),
(1376, 3, 2.99, 459, 66),
(1377, 1, 8.99, 459, 15),
(1378, 3, 7.99, 460, 11),
(1379, 3, 49.99, 460, 131),
(1380, 3, 3.99, 460, 69),
(1381, 4, 3.5, 461, 87),
(1382, 1, 4.5, 461, 114),
(1383, 3, 8.99, 461, 8),
(1384, 5, 1.5, 462, 88),
(1385, 5, 9.99, 462, 20),
(1386, 5, 3, 462, 85),
(1387, 3, 2.5, 463, 39),
(1388, 1, 4.5, 463, 31),
(1389, 2, 1.7, 463, 89),
(1390, 5, 4.99, 464, 42),
(1391, 3, 3.49, 464, 48),
(1392, 5, 4.99, 464, 10),
(1393, 1, 2.99, 465, 106),
(1394, 3, 2.99, 465, 47),
(1395, 1, 8.99, 465, 15),
(1396, 4, 2, 466, 90),
(1397, 4, 1.8, 466, 97),
(1398, 5, 19.99, 466, 18),
(1399, 1, 49.99, 467, 131),
(1400, 2, 6.99, 467, 117),
(1401, 5, 1.8, 467, 56),
(1402, 2, 2.5, 468, 102),
(1403, 3, 6.99, 468, 110),
(1404, 5, 8.99, 468, 44),
(1405, 2, 2, 469, 90),
(1406, 1, 4.5, 469, 111),
(1407, 1, 8.99, 469, 8),
(1408, 1, 6.99, 470, 4),
(1409, 3, 2.99, 470, 58),
(1410, 1, 5.99, 470, 3),
(1411, 3, 6.5, 471, 22),
(1412, 1, 7.5, 471, 107),
(1413, 1, 4.5, 471, 2),
(1414, 3, 2.89, 472, 68),
(1415, 5, 2.99, 472, 80),
(1416, 5, 8, 472, 104),
(1417, 5, 3.5, 473, 87),
(1418, 3, 59.99, 473, 124),
(1419, 1, 5.5, 473, 65),
(1420, 3, 8.99, 474, 44),
(1421, 5, 6.5, 474, 103),
(1422, 5, 12.99, 474, 12),
(1423, 3, 3.99, 475, 82),
(1424, 3, 1.5, 475, 37),
(1425, 1, 12.99, 475, 12),
(1426, 5, 19.99, 476, 33),
(1427, 4, 7.99, 476, 11),
(1428, 2, 12.99, 476, 123),
(1429, 5, 4.99, 477, 42),
(1430, 2, 5.99, 477, 60),
(1431, 3, 3.99, 477, 30),
(1432, 4, 5.99, 478, 6),
(1433, 3, 8.99, 478, 8),
(1434, 1, 5.99, 478, 3),
(1435, 3, 3.5, 479, 94),
(1436, 5, 1.8, 479, 97),
(1437, 3, 6.99, 479, 9),
(1438, 3, 7.5, 480, 5),
(1439, 3, 5.5, 480, 65),
(1440, 5, 2, 480, 90),
(1441, 5, 2.49, 481, 79),
(1442, 1, 3.5, 481, 41),
(1443, 1, 7.5, 481, 107),
(1444, 2, 4.5, 482, 64),
(1445, 5, 99.99, 482, 130),
(1446, 1, 9.5, 482, 99),
(1447, 4, 2.5, 483, 39),
(1448, 4, 4.5, 483, 91),
(1449, 4, 2, 483, 90),
(1450, 4, 4.5, 484, 114),
(1451, 1, 2, 484, 90),
(1452, 5, 3.99, 484, 82),
(1453, 1, 1.99, 485, 81),
(1454, 5, 5, 485, 109),
(1455, 1, 6.99, 485, 9),
(1456, 1, 5.99, 486, 24),
(1457, 4, 8.99, 486, 15),
(1458, 4, 129.99, 486, 127),
(1459, 5, 3.99, 487, 30),
(1460, 2, 49.99, 487, 119),
(1461, 3, 3.49, 487, 48),
(1462, 1, 7.5, 488, 7),
(1463, 4, 3.29, 488, 77),
(1464, 5, 10.99, 488, 108),
(1465, 3, 2.5, 489, 93),
(1466, 2, 2.99, 489, 40),
(1467, 1, 7.5, 489, 107),
(1468, 4, 2.5, 490, 39),
(1469, 3, 2.49, 490, 79),
(1470, 3, 3, 490, 112),
(1471, 1, 5.2, 491, 100),
(1472, 3, 14.99, 491, 52),
(1473, 4, 3.5, 491, 61),
(1474, 3, 5.99, 492, 24),
(1475, 5, 49.99, 492, 119),
(1476, 2, 6.99, 492, 13),
(1477, 2, 9.5, 493, 99),
(1478, 1, 3.5, 493, 87),
(1479, 4, 4.5, 493, 64),
(1480, 4, 7.5, 494, 5),
(1481, 5, 6.99, 494, 13),
(1482, 5, 2.99, 494, 106),
(1483, 2, 49.99, 495, 131),
(1484, 4, 3.49, 495, 48),
(1485, 5, 12.99, 495, 113),
(1486, 1, 9.5, 496, 14),
(1487, 3, 5, 496, 109),
(1488, 3, 4, 496, 86),
(1489, 2, 11.5, 497, 19),
(1490, 1, 6.5, 497, 43),
(1491, 4, 1.2, 497, 83),
(1492, 3, 5.99, 498, 72),
(1493, 2, 1.99, 498, 81),
(1494, 2, 2.89, 498, 68),
(1495, 5, 4.99, 499, 62),
(1496, 5, 6.5, 499, 43),
(1497, 4, 4.5, 499, 64),
(1498, 4, 2.99, 500, 27),
(1499, 5, 4.5, 500, 71),
(1500, 2, 5.5, 500, 116),
(1501, 2, 19.99, 501, 1),
(1502, 1, 5.99, 501, 2),
(1503, 2, 19.99, 502, 1),
(1504, 1, 5.99, 502, 2),
(1505, 1, 3.99, 504, 1),
(1506, 1, 8.99, 505, 8),
(1507, 1, 59.99, 505, 124),
(1508, 2, 79.99, 505, 129),
(1509, 2, 2.49, 506, 79),
(1510, 2, 2.49, 507, 79),
(1511, 1, 4.5, 508, 2),
(1512, 1, 4.5, 509, 2),
(1513, 1, 1.99, 510, 75),
(1514, 1, 1.99, 511, 75),
(1515, 1, 4.5, 512, 2),
(1516, 1, 3.29, 513, 77),
(1517, 1, 0.99, 514, 38),
(1518, 1, 2.99, 515, 66),
(1519, 1, 1.99, 516, 75),
(1520, 1, 4.99, 517, 25),
(1521, 1, 2.79, 518, 70),
(1522, 1, 2.99, 519, 76),
(1523, 1, 6.99, 520, 4),
(1524, 1, 3.99, 521, 82),
(1525, 1, 3.99, 522, 82),
(1526, 1, 49.99, 523, 131),
(1527, 1, 3.5, 524, 61),
(1528, 1, 3.5, 525, 61),
(1529, 1, 3.5, 526, 61),
(1530, 1, 3.5, 527, 61),
(1531, 1, 3.5, 528, 61);

-- --------------------------------------------------------

--
-- Structure de la table `QuantitePanier`
--

CREATE TABLE `QuantitePanier` (
  `id` int NOT NULL,
  `quantite` int NOT NULL,
  `prix` double NOT NULL,
  `fk_panier` int NOT NULL,
  `fk_produit` int NOT NULL
) ENGINE=InnoDB DEFAULT CHARSET=utf8mb4 COLLATE=utf8mb4_unicode_ci;

--
-- Déchargement des données de la table `QuantitePanier`
--

INSERT INTO `QuantitePanier` (`id`, `quantite`, `prix`, `fk_panier`, `fk_produit`) VALUES
(1, 7, 6.99, 1, 9),
(2, 2, 1.8, 1, 56),
(3, 1, 3.99, 1, 49),
(4, 9, 7.5, 2, 107),
(5, 3, 0.99, 2, 38),
(6, 7, 1.5, 2, 88),
(7, 6, 2.5, 3, 93),
(8, 6, 3.5, 3, 41),
(9, 4, 89.99, 3, 120),
(10, 5, 4.99, 4, 42),
(11, 1, 4.5, 4, 111),
(12, 7, 8.49, 4, 73),
(13, 7, 3.99, 5, 69),
(14, 7, 1.8, 5, 56),
(15, 1, 2.5, 5, 102),
(16, 3, 9.5, 6, 46),
(17, 6, 11.5, 6, 19),
(18, 4, 2.99, 6, 27),
(19, 1, 4.5, 7, 91),
(20, 2, 12.99, 7, 12),
(21, 10, 3, 7, 112),
(22, 9, 2.5, 8, 84),
(23, 7, 49.99, 8, 131),
(24, 2, 4.5, 8, 31),
(25, 3, 3.2, 9, 96),
(26, 5, 6.99, 9, 4),
(27, 1, 19.99, 9, 33),
(28, 7, 1.99, 10, 75),
(29, 8, 2.99, 10, 80),
(30, 6, 6.99, 10, 110),
(31, 8, 8.99, 11, 8),
(32, 1, 3.49, 11, 26),
(33, 4, 3.2, 11, 96),
(34, 8, 5, 12, 109),
(35, 10, 4.5, 12, 2),
(36, 3, 99.99, 12, 130),
(37, 3, 6.99, 13, 117),
(38, 4, 4.5, 13, 2),
(39, 6, 19.99, 13, 33),
(40, 4, 3.99, 14, 1),
(41, 9, 3.99, 14, 78),
(42, 4, 1.99, 14, 75),
(43, 9, 3.99, 15, 1),
(44, 5, 4.99, 15, 25),
(45, 8, 89.99, 15, 120),
(46, 3, 8.99, 16, 15),
(47, 6, 3.99, 16, 69),
(48, 7, 7.5, 16, 5),
(49, 4, 3.99, 17, 49),
(50, 3, 89.99, 17, 120),
(51, 3, 3.5, 17, 61),
(52, 6, 4.99, 18, 101),
(53, 7, 2.99, 18, 40),
(54, 8, 12.99, 18, 113),
(55, 6, 4.99, 19, 62),
(56, 3, 9.5, 19, 99),
(57, 6, 8.49, 19, 73),
(58, 9, 1.7, 20, 89),
(59, 7, 4.5, 20, 64),
(60, 9, 19.99, 20, 18),
(61, 6, 6.5, 21, 43),
(62, 7, 24.99, 21, 126),
(63, 7, 2, 21, 90),
(64, 7, 3, 22, 85),
(65, 1, 3.99, 22, 30),
(66, 8, 29.99, 22, 118),
(67, 1, 4.5, 23, 31),
(68, 1, 3.29, 24, 77),
(69, 1, 4.99, 25, 25),
(70, 1, 5.5, 26, 116),
(71, 1, 2.49, 27, 79),
(72, 1, 7.5, 28, 7),
(73, 1, 9.5, 29, 99),
(74, 1, 3.99, 30, 1),
(75, 2, 79.99, 31, 129),
(76, 1, 89.99, 32, 120),
(77, 1, 59.99, 31, 124),
(78, 1, 8.99, 31, 8),
(79, 1, 2.5, 33, 102),
(80, 1, 5.5, 34, 116),
(81, 2, 2.49, 35, 79),
(82, 1, 4.5, 36, 2),
(83, 1, 3.99, 37, 1),
(84, 1, 1.99, 38, 75),
(85, 1, 4.5, 39, 2),
(86, 1, 5.99, 40, 60),
(87, 1, 3.99, 41, 30),
(88, 1, 3.29, 42, 77),
(89, 1, 0.99, 43, 38),
(90, 1, 2.99, 44, 66),
(91, 1, 1.99, 45, 75),
(92, 1, 4.99, 46, 25),
(93, 1, 8.99, 47, 15),
(94, 1, 3.99, 48, 69),
(95, 1, 2.79, 49, 70),
(96, 1, 2.99, 50, 76),
(97, 2, 6.99, 51, 110),
(98, 1, 6.99, 52, 4),
(99, 1, 3.99, 53, 82),
(100, 1, 49.99, 54, 131),
(101, 1, 3.5, 55, 61);

-- --------------------------------------------------------

--
-- Structure de la table `Recette`
--

CREATE TABLE `Recette` (
  `id` int NOT NULL,
  `title` varchar(191) COLLATE utf8mb4_unicode_ci NOT NULL,
  `description` text COLLATE utf8mb4_unicode_ci NOT NULL,
  `instructions` text COLLATE utf8mb4_unicode_ci NOT NULL,
  `image` varchar(191) COLLATE utf8mb4_unicode_ci DEFAULT NULL,
  `fk_userId` int NOT NULL
) ENGINE=InnoDB DEFAULT CHARSET=utf8mb4 COLLATE=utf8mb4_unicode_ci;

--
-- Déchargement des données de la table `Recette`
--

INSERT INTO `Recette` (`id`, `title`, `description`, `instructions`, `image`, `fk_userId`) VALUES
(1, 'Kangaroo With Jarrahdale Pumpkin Sauce', 'Undique cruciamentum libero derideo conqueror decerno tergo admiratio. Arbor curtus astrum deprimo coma.', 'Deripio natus desolo. Blandior aiunt condico apud umquam nulla curo sulum umerus.', '/img/recette/chicken-wings.webp', 3),
(2, 'Jarrahdale Pumpkin Pie', 'Videlicet casso infit dedecor. Amplitudo molestiae sollicito corporis defungo.', 'Dicta tollo tersus desparatus certe tutis comminor sophismata communis. Utrimque qui placeat decumbo alveus ago approbo summopere.', '/img/recette/quark-and-chicken-pie.webp', 7),
(3, 'Tabasco And Lamb Pie', 'Victoria adipiscor nam varietas. Celer cupiditas combibo.', 'Eligendi arx aspernatur vehemens. Vereor bene abundans undique adversus tabella thymbra est corpus.', '/img/recette/bunny-chow.webp', 4),
(4, 'Poke', 'Tribuo delicate molestiae. Ambulo vinco temptatio accusantium theologus.', 'Amor deorsum victus aeternus debitis expedita aetas distinctio carus theologus. Terga sit degenero carmen vallum conor vester suadeo.', '/img/recette/barbecue-ribs.webp', 3),
(5, 'Maharashtrian Cos Lettuce Soup', 'Crebro aer capillus tonsor audentia sui. Despecto candidus vulariter asporto demitto cerno trans tametsi demens.', 'Demens demo auxilium vacuus tracto clamo. Cunctatio nulla bene creator dolorem suggero aperio corrumpo.', '/img/recette/french-fries-with-sausages.webp', 10),
(6, 'Green Beans Salad', 'Terreo eos adsum victus. Curvo tepesco demonstro caute.', 'Facilis adficio fugiat voluptas vita. Vesper conicio vito veniam delicate accendo vinculum utique.', '/img/recette/chives-rubbed-rabbit-salad.webp', 12),
(7, 'English Mandarins Soup', 'Ambitus vilitas angustus utpote solutio dedico eligendi. Timor antepono virtus urbanus.', 'Canto caste brevis arcesso soleo cupiditate ambitus. Terga aeternus tyrannus audeo cribro administratio defluo tepidus.', '/img/recette/asafoetida-crusted-rabbit.webp', 5),
(8, 'Tacos', 'Cras aequitas suus decor vapulus sodalitas caelestis mollitia. Vix vulnus nesciunt totus.', 'Sollers ter atavus abduco summisse spiculum vinum atrocitas depromo barba. Arbustum quia defluo verbum carbo combibo cura.', '/img/recette/blackberry-pie.webp', 7),
(9, 'Pierogi', 'Valde deputo campana impedit collum torqueo. Abduco curso articulus ascisco conscendo labore adversus creta cunctatio tempora.', 'Vespillo modi maxime varius. Tremo conatus dolorem deduco quaerat vix caput eligendi atrox.', '/img/recette/chicken-with-goji-berry-sauce.webp', 6),
(10, 'Lasagne', 'Adaugeo communis ut. Strenuus apostolus similique rerum valens caelum cedo abstergo copia bos.', 'Contego adimpleo inventore arbor tibi adaugeo verus ambitus. Capitulus vox vaco labore universe creptio quasi vergo vulgo assentator.', '/img/recette/massaman-curry.webp', 8),
(11, 'Meatballs With Sauce', 'Delego stultus agnitio amitto nemo defessus. Vulariter asperiores explicabo aliqua nulla videlicet.', 'Curtus triumphus aestus comptus teres antepono voluntarius auditor cenaculum earum. Studio conturbo aliquam vae ancilla iste compono vinitor sonitus.', '/img/recette/caraway-seed-rubbed-ostrich-salad.webp', 13),
(12, 'Cheeseburger', 'Subseco creptio aveho vapulus ab conqueror ars antea. Vulgus terminatio adstringo umerus bonus soleo collum.', 'Creator agnitio atqui patruus consuasor caecus ullam harum. Canis volubilis cruentus conor suggero desidero.', '/img/recette/annatto-seed-crusted-venison.webp', 14),
(13, 'Custard Apples Daikon Pie', 'Valens ventito avaritia admoneo. Desparatus audax tres angustus beatae.', 'Cur celo veritatis adulescens. Animadverto contigo viridis coruscus vos similique coadunatio.', '/img/recette/sushi.webp', 12),
(14, 'Risotto With Seafood', 'Pauci sto accusantium qui delectus voluntarius pariatur urbs. Vomito rem curvo delinquo ducimus cicuta.', 'Necessitatibus necessitatibus cohaero ea urbanus laborum sumptus cras talio virga. Clibanus aetas sortitus aliqua ipsam crux adversus comminor voveo.', '/img/recette/radicchio-salad.webp', 11),
(15, 'Ginger-crusted Lamb', 'Et dolores tunc arcus sollers cogo ustilo. Maxime usitas nostrum tenetur credo utique claustrum atrocitas approbo ulterius.', 'Damnatio decet stipes summa concedo ventito sortitus paulatim tristis angelus. Conduco supplanto trepide quo doloribus admiratio pauci advoco adduco.', '/img/recette/lasagne.webp', 12),
(16, 'Emu With Cantaloupe Sauce', 'Cibo virga decimus arbitro. Amor tenuis creber censura corona.', 'Adinventitias auditor pectus. Urbanus varietas temporibus carus aer sum tracto tergiversatio animus.', '/img/recette/quince-infused-turkey.webp', 8),
(17, 'Star Anise-infused Beef', 'Beneficium defaeco bardus curiositas labore excepturi concedo. Amplexus cenaculum conforto cultura bardus trepide thesis sponte vito.', 'Tolero accendo culpa ipsum tertius cogo stillicidium. Alveus venio ipsum expedita caterva.', '/img/recette/dried-apricot-and-fig-tart.webp', 14),
(18, 'Chilli Con Carne', 'Termes minus solum adipiscor amiculum ratione voveo. Sollers tollo beatus.', 'Similique reiciendis tolero voluntarius abstergo. Nemo curso demo clibanus cubitum testimonium.', '/img/recette/meatballs-with-sauce.webp', 6),
(19, 'Emu With Grapefruit Sauce', 'Soleo atque succurro doloribus vicinus solus denuo natus sub. Dedecor admoneo dedecor crinis aeneus volva adimpleo caries theatrum sono.', 'Thema umbra vado capillus argentum celo attero pax argumentum tactus. Inflammatio solio ademptio.', '/img/recette/fish-and-chips.webp', 12),
(20, 'Mushroom Risotto', 'Tollo arceo sulum alter administratio ara amplexus tempus. Decretum ante vestrum.', 'Accommodo sed impedit cubicularis agnitio vobis conforto deorsum antea. Veritatis sum corrigo aegre conservo virgo ustulo tandem dignissimos.', '/img/recette/rabbit-steak.webp', 8),
(21, 'Dark Chocolate And Pigeon Pie', 'Victoria tardus admitto adversus ventosus corrupti admitto pectus. Tergiversatio acsi contigo.', 'Barba cognatus stella officia terror considero studio. Patrocinor patruus cavus corporis repellendus cumque careo consequatur correptius utrimque.', '/img/recette/rockmelon-pie.webp', 2),
(22, 'Tuna Sashimi', 'Allatus vitiosus ipsam. Pax adaugeo laborum tabesco.', 'Tibi vito caput depereo. Summopere concido beneficium eos aggero.', '/img/recette/ricotta-stuffed-ravioli.webp', 3);

-- --------------------------------------------------------

--
-- Structure de la table `User`
--

CREATE TABLE `User` (
  `id` int NOT NULL,
  `username` varchar(191) COLLATE utf8mb4_unicode_ci NOT NULL,
  `email` varchar(191) COLLATE utf8mb4_unicode_ci NOT NULL,
  `role` enum('USER','ADMIN','MAGASINIER') COLLATE utf8mb4_unicode_ci NOT NULL DEFAULT 'USER',
  `imageId` int DEFAULT NULL,
  `createdAt` datetime(3) NOT NULL DEFAULT CURRENT_TIMESTAMP(3),
  `updatedAt` datetime(3) NOT NULL,
  `password` varchar(191) COLLATE utf8mb4_unicode_ci NOT NULL,
  `preferences` json DEFAULT NULL
) ENGINE=InnoDB DEFAULT CHARSET=utf8mb4 COLLATE=utf8mb4_unicode_ci;

--
-- Déchargement des données de la table `User`
--

INSERT INTO `User` (`id`, `username`, `email`, `role`, `imageId`, `createdAt`, `updatedAt`, `password`, `preferences`) VALUES
(1, 'Aubrey60', 'Otto.Gerhold9@gmail.com', 'USER', NULL, '2025-01-23 14:20:03.493', '2025-01-23 14:20:03.493', '$2a$10$EdsmBmGK/Gdh5d8igjcImeExJRI3PQpyJY10spM1Upqmuoc7uC1bO', NULL),
(2, 'Asha.Little74', 'Vaughn_Bayer@yahoo.com', 'USER', NULL, '2025-01-23 14:20:03.617', '2025-01-23 14:20:03.617', '$2a$10$EdsmBmGK/Gdh5d8igjcImeExJRI3PQpyJY10spM1Upqmuoc7uC1bO', NULL),
(3, 'Clifford_Schoen', 'Misael.Becker@gmail.com', 'USER', NULL, '2025-01-23 14:20:03.635', '2025-01-23 14:20:03.635', '$2a$10$EdsmBmGK/Gdh5d8igjcImeExJRI3PQpyJY10spM1Upqmuoc7uC1bO', NULL),
(4, 'Skylar25', 'Alyce.Predovic53@yahoo.com', 'USER', NULL, '2025-01-23 14:20:03.652', '2025-01-23 14:20:03.652', '$2a$10$EdsmBmGK/Gdh5d8igjcImeExJRI3PQpyJY10spM1Upqmuoc7uC1bO', NULL),
(5, 'Harmony_Schaden39', 'Carlie_Medhurst@gmail.com', 'USER', NULL, '2025-01-23 14:20:03.674', '2025-01-23 14:20:03.674', '$2a$10$EdsmBmGK/Gdh5d8igjcImeExJRI3PQpyJY10spM1Upqmuoc7uC1bO', NULL),
(6, 'Jacinto.Lind49', 'Marisa_Mann58@yahoo.com', 'USER', NULL, '2025-01-23 14:20:03.690', '2025-01-23 14:20:03.690', '$2a$10$EdsmBmGK/Gdh5d8igjcImeExJRI3PQpyJY10spM1Upqmuoc7uC1bO', NULL),
(7, 'Antonette90', 'Marion.Pacocha@hotmail.com', 'USER', NULL, '2025-01-23 14:20:03.711', '2025-01-23 14:20:03.711', '$2a$10$EdsmBmGK/Gdh5d8igjcImeExJRI3PQpyJY10spM1Upqmuoc7uC1bO', NULL),
(8, 'Kory94', 'Blake_Hettinger12@gmail.com', 'USER', NULL, '2025-01-23 14:20:03.728', '2025-01-23 14:20:03.728', '$2a$10$EdsmBmGK/Gdh5d8igjcImeExJRI3PQpyJY10spM1Upqmuoc7uC1bO', NULL),
(9, 'Orlo26', 'Marian_Hilll@yahoo.com', 'USER', NULL, '2025-01-23 14:20:03.749', '2025-01-23 14:20:03.749', '$2a$10$EdsmBmGK/Gdh5d8igjcImeExJRI3PQpyJY10spM1Upqmuoc7uC1bO', NULL),
(10, 'Ally.Metz', 'Cullen13@hotmail.com', 'USER', NULL, '2025-01-23 14:20:03.774', '2025-01-23 14:20:03.774', '$2a$10$EdsmBmGK/Gdh5d8igjcImeExJRI3PQpyJY10spM1Upqmuoc7uC1bO', NULL),
(11, 'Kaylee68', 'Grayson8@gmail.com', 'ADMIN', NULL, '2025-01-23 14:20:04.020', '2025-01-23 14:20:04.020', '$2a$10$4cPgKeHSvwHgsqiPRKuCkeYS5PAghA7krMUM145BD8wfSXbR/ZuZ2', NULL),
(12, 'Olen_Lesch', 'Augustus.Parisian45@yahoo.com', 'MAGASINIER', NULL, '2025-01-23 14:20:04.295', '2025-01-23 14:20:04.295', '$2a$10$IrgHNgsr7xaUOKBqeP9RB.xHaDPpOcGlL6klNf2yxWsLX8q0ka6Mi', NULL),
(13, 'Van_Dietrich', 'Hailey_Rau14@yahoo.com', 'MAGASINIER', NULL, '2025-01-23 14:20:04.481', '2025-01-23 14:20:04.481', '$2a$10$5AmzvKWAd.G/M1RgJXdxFemEahzJG76LuGM8dgGR44nSpzqX3DBc.', NULL),
(14, 'Alexandre_Lang', 'Trent_Torp36@gmail.com', 'MAGASINIER', NULL, '2025-01-23 14:20:04.639', '2025-01-23 14:20:04.639', '$2a$10$AHKRGH/7P1hrESwNBZM.YOjh2Haco..PpZmcnhYIn8RpMSnrOyFaq', NULL),
(15, 'test10', 'test10@gmail.com', 'USER', NULL, '2025-01-23 18:54:30.576', '2025-01-23 18:54:30.576', '$2a$10$YXOXgN5M0oh575XJYXmIhuiTgRjowy3sSid48gBPF6mXTWugRmtv6', NULL),
(16, 'testuser3', 'testuser3@example.com', 'USER', NULL, '2025-01-27 10:55:05.097', '2025-01-27 10:55:05.097', '$2a$10$s.XhjlvRv8f28hGQveeW6uqfyNq1QcV6kbhQyXZ80/znWIz8zVGVK', NULL);

-- --------------------------------------------------------

--
-- Structure de la table `_prisma_migrations`
--

CREATE TABLE `_prisma_migrations` (
  `id` varchar(36) COLLATE utf8mb4_unicode_ci NOT NULL,
  `checksum` varchar(64) COLLATE utf8mb4_unicode_ci NOT NULL,
  `finished_at` datetime(3) DEFAULT NULL,
  `migration_name` varchar(255) COLLATE utf8mb4_unicode_ci NOT NULL,
  `logs` text COLLATE utf8mb4_unicode_ci,
  `rolled_back_at` datetime(3) DEFAULT NULL,
  `started_at` datetime(3) NOT NULL DEFAULT CURRENT_TIMESTAMP(3),
  `applied_steps_count` int UNSIGNED NOT NULL DEFAULT '0'
) ENGINE=InnoDB DEFAULT CHARSET=utf8mb4 COLLATE=utf8mb4_unicode_ci;

--
-- Déchargement des données de la table `_prisma_migrations`
--

INSERT INTO `_prisma_migrations` (`id`, `checksum`, `finished_at`, `migration_name`, `logs`, `rolled_back_at`, `started_at`, `applied_steps_count`) VALUES
('0afb26b5-9ce1-47e5-849b-e1fc23d787c4', 'd720ebb2f968c385db787bfe711ee3fde8e1e860eb6fa9b516da865ec699f9d6', '2025-01-23 14:18:35.264', '20241025210305_add_unique_constraint_to_slug', NULL, NULL, '2025-01-23 14:18:35.134', 1),
('1856c1ef-74af-4eaa-a4b0-1cb61ea74c1b', '5421302e6e9a69f0f838168a255dfddc93bb1c8b2af54bb650c79b437dfc3e24', '2025-01-23 14:18:44.997', '20241217155055_init', NULL, NULL, '2025-01-23 14:18:38.311', 1),
('1d74495f-c190-4a16-bfce-ef3f1c40ab93', 'c96dc3aa1f54c2d53042c1613557cdb522d014f1b5df37d59deb57ab16d4dc12', '2025-01-23 14:18:33.710', '20241025142720_add_slug_to_produit', NULL, NULL, '2025-01-23 14:18:33.612', 1),
('31b4ccbb-d97b-4860-a703-60a9810ae8c9', '18c8518ffa85271304db0e04f2bd90a56fbd93a1659b9b0573191dbf49dccc4b', '2025-01-23 14:18:30.167', '20241024124042_increase_description_length', NULL, NULL, '2025-01-23 14:18:29.916', 1),
('546c1a15-a26d-4f1e-91e6-0fe0f3239fad', '52531ea5311117dfab6534c8fb5b46280f4ee6c2a1209f4a57dfb9f93ebcc2de', '2025-01-23 14:18:37.019', '20241030210627_add_model_panier', NULL, NULL, '2025-01-23 14:18:36.403', 1),
('6d56962b-8936-4f78-a306-ed2dc6570804', '5a827b7948b4ee5f773afd3e7b4cf773fe16b0c8e75fb1e630df60be09421a25', '2025-01-23 14:18:35.114', '20241025203434_restructure_categories_model', NULL, NULL, '2025-01-23 14:18:33.736', 1),
('74c0c091-18bf-40fd-b257-811a984066c5', '4451ad688ad70c2a83697a3471c50656f59b9cc5bd172581f735485d63a604f0', '2025-01-23 14:18:36.383', '20241025215959_add_unique_constraint_to_slug', NULL, NULL, '2025-01-23 14:18:35.291', 1),
('7c6894fb-294d-4e68-9f80-7150bcd300e4', 'c5c082311721d9856766963dae067370c046976f44f1ba3ef812fd80c415d710', '2025-01-23 14:18:33.593', '20241025124505_addtables', NULL, NULL, '2025-01-23 14:18:30.187', 1),
('8598e934-9199-4d0d-abf5-e4bbf5d9741f', 'a37f659fefb77262c092403aa094a8be6d0c8891e8978b0b4618e76006bc720f', '2025-01-23 14:18:29.897', '20241021080918_init', NULL, NULL, '2025-01-23 14:18:29.351', 1),
('9b9b9184-56bf-4728-8c9c-1040827cc6e3', '2fd927951944170cdb2f4e2538258f595a18abe4f9ed2d235b503f983743201d', '2025-01-23 14:18:37.632', '20241030214032_add_model_session_id', NULL, NULL, '2025-01-23 14:18:37.037', 1),
('b674571e-ebf9-4d57-9744-727a59c1ac69', '62058c66d9daf307d396a5d13f3597432f77e1ec3819c6b529303d4dd97e2c74', '2025-01-23 14:18:49.268', '20241230095441_init', NULL, NULL, '2025-01-23 14:18:48.914', 1),
('ccf3ddcb-82cf-4b37-97f3-2ad95c1ff3a0', '0b4a73f7ccc3a420f78e6e2c8e06436cc1008a020e2f3091221c6d8961b5f6e3', '2025-01-23 14:18:38.286', '20241117144819_init', NULL, NULL, '2025-01-23 14:18:38.173', 1),
('e0a3c985-9a1e-4074-b735-c66859e963ac', '3e47198d362e3c244b5f17e2991e2f1ade2ab5c7e940dec76ec47a68d0231fb6', '2025-01-23 14:18:48.895', '20241218092227_add_text', NULL, NULL, '2025-01-23 14:18:48.173', 1),
('e283aefa-65b7-4d8e-9396-624585c92107', 'e26b3cf5f08b445dbb6f1228e9b231ba58e470123a34ed9d09d5f4300411fafc', '2025-01-23 14:18:37.759', '20241030220146_add_model_session_id', NULL, NULL, '2025-01-23 14:18:37.653', 1),
('f4d38abc-93aa-4d6a-9278-35e24513b2ff', '0f468d87083632eaff24b6d8032778fc1f036583e3af474e14ad7bab68365ec0', '2025-01-23 14:18:38.012', '20241117114924_init', NULL, NULL, '2025-01-23 14:18:37.780', 1),
('f6b4699b-6b17-4932-92f2-9da9d5bd1506', 'd1b0f4dcacef184cd23cfe366d842c172019a2fcdeecedd4ff7802686b73de6a', '2025-01-23 14:18:38.154', '20241117115337_init', NULL, NULL, '2025-01-23 14:18:38.032', 1),
('f96cb65c-dd64-48a9-8822-707914403865', 'f30354cff7372452abd660e98dd5d10ae21a3f70b511ec4aeb22fef48c9a2f32', '2025-01-23 14:18:48.151', '20241218082824_initial_state', NULL, NULL, '2025-01-23 14:18:45.030', 1);

-- --------------------------------------------------------

--
-- Structure de la table `_RecetteIngredient`
--

CREATE TABLE `_RecetteIngredient` (
  `A` int NOT NULL,
  `B` int NOT NULL
) ENGINE=InnoDB DEFAULT CHARSET=utf8mb4 COLLATE=utf8mb4_unicode_ci;

-- --------------------------------------------------------

--
-- Structure de la table `_RecetteProduit`
--

CREATE TABLE `_RecetteProduit` (
  `A` int NOT NULL,
  `B` int NOT NULL
) ENGINE=InnoDB DEFAULT CHARSET=utf8mb4 COLLATE=utf8mb4_unicode_ci;

--
-- Déchargement des données de la table `_RecetteProduit`
--

INSERT INTO `_RecetteProduit` (`A`, `B`) VALUES
(9, 1),
(43, 1),
(104, 1),
(30, 2),
(47, 2),
(80, 2),
(68, 3),
(73, 3),
(119, 3),
(4, 4),
(46, 4),
(89, 4),
(48, 5),
(51, 5),
(60, 5),
(62, 6),
(93, 6),
(94, 6),
(39, 7),
(74, 7),
(122, 7),
(1, 8),
(37, 8),
(63, 8),
(22, 9),
(80, 9),
(109, 9),
(12, 10),
(95, 10),
(122, 10),
(13, 11),
(64, 11),
(72, 11),
(26, 12),
(55, 12),
(131, 12),
(25, 13),
(84, 13),
(102, 13),
(29, 14),
(32, 14),
(79, 14),
(12, 15),
(64, 15),
(82, 15),
(79, 16),
(110, 16),
(122, 16),
(27, 17),
(82, 17),
(90, 17),
(10, 18),
(23, 18),
(24, 18),
(37, 19),
(56, 19),
(111, 19),
(40, 20),
(53, 20),
(74, 20),
(66, 21),
(83, 21),
(99, 21),
(34, 22),
(37, 22),
(52, 22);

--
-- Index pour les tables déchargées
--

--
-- Index pour la table `Categorie`
--
ALTER TABLE `Categorie`
  ADD PRIMARY KEY (`id`),
  ADD UNIQUE KEY `Categorie_slug_key` (`slug`),
  ADD KEY `Categorie_Image_fkey` (`imageId`),
  ADD KEY `Categorie_parentId_fkey` (`parentId`);

--
-- Index pour la table `Commande`
--
ALTER TABLE `Commande`
  ADD PRIMARY KEY (`id`),
  ADD KEY `Commande_User_fkey` (`fk_userId`);

--
-- Index pour la table `Image`
--
ALTER TABLE `Image`
  ADD PRIMARY KEY (`id`);

--
-- Index pour la table `Ingredient`
--
ALTER TABLE `Ingredient`
  ADD PRIMARY KEY (`id`);

--
-- Index pour la table `Livraison`
--
ALTER TABLE `Livraison`
  ADD PRIMARY KEY (`id`),
  ADD UNIQUE KEY `Livraison_fk_commande_key` (`fk_commande`),
  ADD UNIQUE KEY `Livraison_fk_panier_key` (`fk_panier`),
  ADD KEY `Livraison_Index` (`fk_userId`,`fk_commande`,`fk_panier`);

--
-- Index pour la table `Log`
--
ALTER TABLE `Log`
  ADD PRIMARY KEY (`id`),
  ADD KEY `Log_fk_userId_fkey` (`fk_userId`);

--
-- Index pour la table `Panier`
--
ALTER TABLE `Panier`
  ADD PRIMARY KEY (`id`),
  ADD UNIQUE KEY `Panier_sessionId_key` (`sessionId`),
  ADD UNIQUE KEY `Panier_fk_userId_key` (`fk_userId`);

--
-- Index pour la table `Produit`
--
ALTER TABLE `Produit`
  ADD PRIMARY KEY (`id`),
  ADD UNIQUE KEY `Produit_slug_key` (`slug`),
  ADD KEY `Produit_Image_fkey` (`imageid`),
  ADD KEY `Produit_Categorie_fkey` (`categorieId`);

--
-- Index pour la table `QuantiteCommande`
--
ALTER TABLE `QuantiteCommande`
  ADD PRIMARY KEY (`id`),
  ADD UNIQUE KEY `CommandeProduit_unique` (`fk_commande`,`fk_produit`),
  ADD KEY `QuantiteCommande_Produit_fkey` (`fk_produit`);

--
-- Index pour la table `QuantitePanier`
--
ALTER TABLE `QuantitePanier`
  ADD PRIMARY KEY (`id`),
  ADD UNIQUE KEY `PanierProduit_unique` (`fk_panier`,`fk_produit`),
  ADD KEY `QuantitePanier_Produit_fkey` (`fk_produit`);

--
-- Index pour la table `Recette`
--
ALTER TABLE `Recette`
  ADD PRIMARY KEY (`id`),
  ADD KEY `Recette_User_fkey` (`fk_userId`);

--
-- Index pour la table `User`
--
ALTER TABLE `User`
  ADD PRIMARY KEY (`id`),
  ADD UNIQUE KEY `User_email_key` (`email`),
  ADD KEY `User_Image_fkey` (`imageId`);

--
-- Index pour la table `_prisma_migrations`
--
ALTER TABLE `_prisma_migrations`
  ADD PRIMARY KEY (`id`);

--
-- Index pour la table `_RecetteIngredient`
--
ALTER TABLE `_RecetteIngredient`
  ADD UNIQUE KEY `_RecetteIngredient_AB_unique` (`A`,`B`),
  ADD KEY `_RecetteIngredient_B_index` (`B`);

--
-- Index pour la table `_RecetteProduit`
--
ALTER TABLE `_RecetteProduit`
  ADD UNIQUE KEY `_RecetteProduit_AB_unique` (`A`,`B`),
  ADD KEY `_RecetteProduit_B_index` (`B`);

--
-- AUTO_INCREMENT pour les tables déchargées
--

--
-- AUTO_INCREMENT pour la table `Categorie`
--
ALTER TABLE `Categorie`
  MODIFY `id` int NOT NULL AUTO_INCREMENT, AUTO_INCREMENT=37;

--
-- AUTO_INCREMENT pour la table `Commande`
--
ALTER TABLE `Commande`
  MODIFY `id` int NOT NULL AUTO_INCREMENT, AUTO_INCREMENT=529;

--
-- AUTO_INCREMENT pour la table `Image`
--
ALTER TABLE `Image`
  MODIFY `id` int NOT NULL AUTO_INCREMENT, AUTO_INCREMENT=169;

--
-- AUTO_INCREMENT pour la table `Ingredient`
--
ALTER TABLE `Ingredient`
  MODIFY `id` int NOT NULL AUTO_INCREMENT;

--
-- AUTO_INCREMENT pour la table `Livraison`
--
ALTER TABLE `Livraison`
  MODIFY `id` int NOT NULL AUTO_INCREMENT, AUTO_INCREMENT=539;

--
-- AUTO_INCREMENT pour la table `Log`
--
ALTER TABLE `Log`
  MODIFY `id` int NOT NULL AUTO_INCREMENT, AUTO_INCREMENT=5;

--
-- AUTO_INCREMENT pour la table `Panier`
--
ALTER TABLE `Panier`
  MODIFY `id` int NOT NULL AUTO_INCREMENT, AUTO_INCREMENT=56;

--
-- AUTO_INCREMENT pour la table `Produit`
--
ALTER TABLE `Produit`
  MODIFY `id` int NOT NULL AUTO_INCREMENT, AUTO_INCREMENT=133;

--
-- AUTO_INCREMENT pour la table `QuantiteCommande`
--
ALTER TABLE `QuantiteCommande`
  MODIFY `id` int NOT NULL AUTO_INCREMENT, AUTO_INCREMENT=1532;

--
-- AUTO_INCREMENT pour la table `QuantitePanier`
--
ALTER TABLE `QuantitePanier`
  MODIFY `id` int NOT NULL AUTO_INCREMENT, AUTO_INCREMENT=102;

--
-- AUTO_INCREMENT pour la table `Recette`
--
ALTER TABLE `Recette`
  MODIFY `id` int NOT NULL AUTO_INCREMENT, AUTO_INCREMENT=23;

--
-- AUTO_INCREMENT pour la table `User`
--
ALTER TABLE `User`
  MODIFY `id` int NOT NULL AUTO_INCREMENT, AUTO_INCREMENT=17;

--
-- Contraintes pour les tables déchargées
--

--
-- Contraintes pour la table `Categorie`
--
ALTER TABLE `Categorie`
  ADD CONSTRAINT `Categorie_Image_fkey` FOREIGN KEY (`imageId`) REFERENCES `Image` (`id`) ON DELETE SET NULL ON UPDATE CASCADE,
  ADD CONSTRAINT `Categorie_parentId_fkey` FOREIGN KEY (`parentId`) REFERENCES `Categorie` (`id`) ON DELETE SET NULL ON UPDATE CASCADE;

--
-- Contraintes pour la table `Commande`
--
ALTER TABLE `Commande`
  ADD CONSTRAINT `Commande_User_fkey` FOREIGN KEY (`fk_userId`) REFERENCES `User` (`id`) ON DELETE RESTRICT ON UPDATE CASCADE;

--
-- Contraintes pour la table `Livraison`
--
ALTER TABLE `Livraison`
  ADD CONSTRAINT `Livraison_fk_commande_fkey` FOREIGN KEY (`fk_commande`) REFERENCES `Commande` (`id`) ON DELETE SET NULL ON UPDATE CASCADE,
  ADD CONSTRAINT `Livraison_fk_panier_fkey` FOREIGN KEY (`fk_panier`) REFERENCES `Panier` (`id`) ON DELETE SET NULL ON UPDATE CASCADE,
  ADD CONSTRAINT `Livraison_User_fkey` FOREIGN KEY (`fk_userId`) REFERENCES `User` (`id`) ON DELETE SET NULL ON UPDATE CASCADE;

--
-- Contraintes pour la table `Log`
--
ALTER TABLE `Log`
  ADD CONSTRAINT `Log_fk_userId_fkey` FOREIGN KEY (`fk_userId`) REFERENCES `User` (`id`) ON DELETE CASCADE ON UPDATE CASCADE;

--
-- Contraintes pour la table `Panier`
--
ALTER TABLE `Panier`
  ADD CONSTRAINT `Panier_User_fkey` FOREIGN KEY (`fk_userId`) REFERENCES `User` (`id`) ON DELETE SET NULL ON UPDATE CASCADE;

--
-- Contraintes pour la table `Produit`
--
ALTER TABLE `Produit`
  ADD CONSTRAINT `Produit_Categorie_fkey` FOREIGN KEY (`categorieId`) REFERENCES `Categorie` (`id`) ON DELETE RESTRICT ON UPDATE CASCADE,
  ADD CONSTRAINT `Produit_Image_fkey` FOREIGN KEY (`imageid`) REFERENCES `Image` (`id`) ON DELETE SET NULL ON UPDATE CASCADE;

--
-- Contraintes pour la table `QuantiteCommande`
--
ALTER TABLE `QuantiteCommande`
  ADD CONSTRAINT `QuantiteCommande_Commande_fkey` FOREIGN KEY (`fk_commande`) REFERENCES `Commande` (`id`) ON DELETE RESTRICT ON UPDATE CASCADE,
  ADD CONSTRAINT `QuantiteCommande_Produit_fkey` FOREIGN KEY (`fk_produit`) REFERENCES `Produit` (`id`) ON DELETE RESTRICT ON UPDATE CASCADE;

--
-- Contraintes pour la table `QuantitePanier`
--
ALTER TABLE `QuantitePanier`
  ADD CONSTRAINT `QuantitePanier_Panier_fkey` FOREIGN KEY (`fk_panier`) REFERENCES `Panier` (`id`) ON DELETE RESTRICT ON UPDATE CASCADE,
  ADD CONSTRAINT `QuantitePanier_Produit_fkey` FOREIGN KEY (`fk_produit`) REFERENCES `Produit` (`id`) ON DELETE RESTRICT ON UPDATE CASCADE;

--
-- Contraintes pour la table `Recette`
--
ALTER TABLE `Recette`
  ADD CONSTRAINT `Recette_User_fkey` FOREIGN KEY (`fk_userId`) REFERENCES `User` (`id`) ON DELETE RESTRICT ON UPDATE CASCADE;

--
-- Contraintes pour la table `User`
--
ALTER TABLE `User`
  ADD CONSTRAINT `User_Image_fkey` FOREIGN KEY (`imageId`) REFERENCES `Image` (`id`) ON DELETE SET NULL ON UPDATE CASCADE;

--
-- Contraintes pour la table `_RecetteIngredient`
--
ALTER TABLE `_RecetteIngredient`
  ADD CONSTRAINT `_RecetteIngredient_A_fkey` FOREIGN KEY (`A`) REFERENCES `Ingredient` (`id`) ON DELETE CASCADE ON UPDATE CASCADE,
  ADD CONSTRAINT `_RecetteIngredient_B_fkey` FOREIGN KEY (`B`) REFERENCES `Recette` (`id`) ON DELETE CASCADE ON UPDATE CASCADE;

--
-- Contraintes pour la table `_RecetteProduit`
--
ALTER TABLE `_RecetteProduit`
  ADD CONSTRAINT `_RecetteProduit_A_fkey` FOREIGN KEY (`A`) REFERENCES `Produit` (`id`) ON DELETE CASCADE ON UPDATE CASCADE,
  ADD CONSTRAINT `_RecetteProduit_B_fkey` FOREIGN KEY (`B`) REFERENCES `Recette` (`id`) ON DELETE CASCADE ON UPDATE CASCADE;
COMMIT;

/*!40101 SET CHARACTER_SET_CLIENT=@OLD_CHARACTER_SET_CLIENT */;
/*!40101 SET CHARACTER_SET_RESULTS=@OLD_CHARACTER_SET_RESULTS */;
/*!40101 SET COLLATION_CONNECTION=@OLD_COLLATION_CONNECTION */;
